kind	id	source_or_artifact	linked_page_or_lab	evidence_status	next_check
core_page	CORE-01	docs/core/01-calculus.md	labs/01_calculus_accumulation.py	File exists; content/source not audited in this batch	Read claims against cited primary sources; rerun mapped lab
core_page	CORE-02	docs/core/02-taylor.md	labs/02_taylor_animation.py	File exists; content/source not audited in this batch	Read claims against cited primary sources; rerun mapped lab
core_page	CORE-03	docs/core/03-euler.md	labs/03_euler_phasor.py	File exists; content/source not audited in this batch	Read claims against cited primary sources; rerun mapped lab
core_page	CORE-04	docs/core/04-fourier.md	labs/04_fourier_decomposition.py	File exists; content/source not audited in this batch	Read claims against cited primary sources; rerun mapped lab
core_page	CORE-05	docs/core/05-divergence.md	labs/05_divergence_flux.py	File exists; content/source not audited in this batch	Read claims against cited primary sources; rerun mapped lab
core_page	CORE-06	docs/core/06-residue.md	labs/06_residue_numeric.py	File exists; content/source not audited in this batch	Read claims against cited primary sources; rerun mapped lab
core_page	CORE-07	docs/core/07-bayes.md	labs/07_bayes_update.py	File exists; content/source not audited in this batch	Read claims against cited primary sources; rerun mapped lab
core_page	CORE-08	docs/core/08-prime-number-theorem.md	labs/08_prime_counting.py	File exists; content/source not audited in this batch	Read claims against cited primary sources; rerun mapped lab
core_page	CORE-09	docs/core/09-lebesgue.md	labs/09_monotone_convergence.py	File exists; content/source not audited in this batch	Read claims against cited primary sources; rerun mapped lab
branch_page	BRANCH-01	docs/branches/01-topology.md	Experiment mapping pending	File exists; content/source not audited in this batch	Check citations, derivations and application mapping
branch_page	BRANCH-02	docs/branches/02-differential-geometry.md	Experiment mapping pending	File exists; content/source not audited in this batch	Check citations, derivations and application mapping
branch_page	BRANCH-03	docs/branches/03-functional-analysis.md	Experiment mapping pending	File exists; content/source not audited in this batch	Check citations, derivations and application mapping
branch_page	BRANCH-04	docs/branches/04-graph-theory.md	Experiment mapping pending	File exists; content/source not audited in this batch	Check citations, derivations and application mapping
branch_page	BRANCH-05	docs/branches/05-game-theory.md	Experiment mapping pending	File exists; content/source not audited in this batch	Check citations, derivations and application mapping
branch_page	BRANCH-06	docs/branches/06-control-theory.md	labs/10_kalman_filter.py	File exists; content/source not audited in this batch	Check citations, derivations and application mapping
branch_page	BRANCH-07	docs/branches/07-wavelets.md	labs/11_wavelet_demo.py	File exists; content/source not audited in this batch	Check citations, derivations and application mapping
branch_page	BRANCH-08	docs/branches/08-stochastic-processes.md	Experiment mapping pending	File exists; content/source not audited in this batch	Check citations, derivations and application mapping
branch_page	BRANCH-09	docs/branches/09-numerical-analysis.md	Experiment mapping pending	File exists; content/source not audited in this batch	Check citations, derivations and application mapping
branch_page	BRANCH-10	docs/branches/10-transformer-math.md	labs/12_attention_heatmap.py	File exists; content/source not audited in this batch	Check citations, derivations and application mapping
branch_page	BRANCH-11	docs/branches/11-complex-numbers.md	Experiment mapping pending	File exists; content/source not audited in this batch	Check citations, derivations and application mapping
branch_page	BRANCH-12	docs/branches/12-linear-algebra.md	Experiment mapping pending	File exists; content/source not audited in this batch	Check citations, derivations and application mapping
branch_page	BRANCH-13	docs/branches/13-differential-equations.md	Experiment mapping pending	File exists; content/source not audited in this batch	Check citations, derivations and application mapping
branch_page	BRANCH-14	docs/branches/14-non-euclidean-geometry.md	Experiment mapping pending	File exists; content/source not audited in this batch	Check citations, derivations and application mapping
branch_page	BRANCH-15	docs/branches/15-group-symmetry.md	Experiment mapping pending	File exists; content/source not audited in this batch	Check citations, derivations and application mapping
branch_page	BRANCH-16	docs/branches/16-information-theory.md	Experiment mapping pending	File exists; content/source not audited in this batch	Check citations, derivations and application mapping
branch_page	BRANCH-17	docs/branches/17-computability.md	Experiment mapping pending	File exists; content/source not audited in this batch	Check citations, derivations and application mapping
branch_page	BRANCH-18	docs/branches/18-chaos.md	Experiment mapping pending	File exists; content/source not audited in this batch	Check citations, derivations and application mapping
branch_page	BRANCH-19	docs/branches/19-convex-optimization.md	docs/courses/optimization-pku-wenzw-study-roadmap.md	File exists; content/source not audited in this batch	Check citations, derivations and application mapping
branch_page	BRANCH-20	docs/branches/20-probability.md	Experiment mapping pending	File exists; content/source not audited in this batch	Check citations, derivations and application mapping
python_lab	LAB-01	labs/01_calculus_accumulation.py	docs/core/01-*.md	File exists; not rerun in this batch	Rerun with documented parameters and review output
python_lab	LAB-02	labs/02_taylor_animation.py	docs/core/02-*.md	File exists; not rerun in this batch	Rerun with documented parameters and review output
python_lab	LAB-03	labs/03_euler_phasor.py	docs/core/03-*.md	File exists; not rerun in this batch	Rerun with documented parameters and review output
python_lab	LAB-04	labs/04_fourier_decomposition.py	docs/core/04-*.md	File exists; not rerun in this batch	Rerun with documented parameters and review output
python_lab	LAB-05	labs/05_divergence_flux.py	docs/core/05-*.md	File exists; not rerun in this batch	Rerun with documented parameters and review output
python_lab	LAB-06	labs/06_residue_numeric.py	docs/core/06-*.md	File exists; not rerun in this batch	Rerun with documented parameters and review output
python_lab	LAB-07	labs/07_bayes_update.py	docs/core/07-*.md	File exists; not rerun in this batch	Rerun with documented parameters and review output
python_lab	LAB-08	labs/08_prime_counting.py	docs/core/08-*.md	File exists; not rerun in this batch	Rerun with documented parameters and review output
python_lab	LAB-09	labs/09_monotone_convergence.py	docs/core/09-*.md	File exists; not rerun in this batch	Rerun with documented parameters and review output
python_lab	LAB-10	labs/10_kalman_filter.py	docs/branches/06-control-theory.md	File exists; not rerun in this batch	Rerun with documented parameters and review output
python_lab	LAB-11	labs/11_wavelet_demo.py	docs/branches/07-wavelets.md	File exists; not rerun in this batch	Rerun with documented parameters and review output
python_lab	LAB-12	labs/12_attention_heatmap.py	docs/branches/10-transformer-math.md	File exists; not rerun in this batch	Rerun with documented parameters and review output
python_lab	LAB-13	labs/13_optimization_convexity.py	docs/courses/optimization-pku-wenzw-study-units/01-foundations.md	File exists; not rerun in this batch	Rerun with documented parameters and review output
python_lab	LAB-14	labs/14_optimization_modeling.py	docs/courses/optimization-pku-wenzw-study-units/02-modeling.md	File exists; not rerun in this batch	Rerun with documented parameters and review output
python_lab	LAB-15	labs/15_optimization_optimality.py	docs/courses/optimization-pku-wenzw-study-units/03-optimality.md	File exists; not rerun in this batch	Rerun with documented parameters and review output
python_lab	LAB-16	labs/16_optimization_unconstrained.py	docs/courses/optimization-pku-wenzw-study-units/04-unconstrained.md	File exists; not rerun in this batch	Rerun with documented parameters and review output
python_lab	LAB-17	labs/17_optimization_constrained.py	docs/courses/optimization-pku-wenzw-study-units/05-constrained.md	File exists; not rerun in this batch	Rerun with documented parameters and review output
python_lab	LAB-18	labs/18_optimization_composite.py	docs/courses/optimization-pku-wenzw-study-units/06-composite.md	Executed on one fixed LASSO instance; 250 iterations; local diagnostics	Rerun with documented parameters and review output
optbook_lecture_topic	LECTURE-01	简介 (1 PDF URL; see lecture index)	docs/courses/optimization-pku-wenzw-study-units/01-foundations.md	Official home/index URL match; partial HTTP 206; PDF text not read in this batch	Read full PDF and check formulas, claims and version before marking reviewed
optbook_lecture_topic	LECTURE-02	凸集 (1 PDF URL; see lecture index)	docs/courses/optimization-pku-wenzw-study-units/01-foundations.md	Official home/index URL match; partial HTTP 206; PDF text not read in this batch	Read full PDF and check formulas, claims and version before marking reviewed
optbook_lecture_topic	LECTURE-03	凸函数 (1 PDF URL; see lecture index)	docs/courses/optimization-pku-wenzw-study-units/01-foundations.md	Official home/index URL match; partial HTTP 206; PDF text not read in this batch	Read full PDF and check formulas, claims and version before marking reviewed
optbook_lecture_topic	LECTURE-04	数值代数基础 (1 PDF URL; see lecture index)	docs/courses/optimization-pku-wenzw-study-units/01-foundations.md	Official home/index URL match; partial HTTP 206; PDF text not read in this batch	Read full PDF and check formulas, claims and version before marking reviewed
optbook_lecture_topic	LECTURE-05	优化建模 (1 PDF URL; see lecture index)	docs/courses/optimization-pku-wenzw-study-units/02-modeling.md	Official home/index URL match; partial HTTP 206; PDF text not read in this batch	Read full PDF and check formulas, claims and version before marking reviewed
optbook_lecture_topic	LECTURE-06	典型优化问题 (2 PDF URLs; see lecture index)	docs/courses/optimization-pku-wenzw-study-units/02-modeling.md	Official home/index URL match; partial HTTP 206; PDF text not read in this batch	Read full PDF and check formulas, claims and version before marking reviewed
optbook_lecture_topic	LECTURE-07	凸优化最优性理论 (1 PDF URL; see lecture index)	docs/courses/optimization-pku-wenzw-study-units/03-optimality.md	Official home/index URL match; partial HTTP 206; PDF text not read in this batch	Read full PDF and check formulas, claims and version before marking reviewed
optbook_lecture_topic	LECTURE-08	非凸优化最优性理论 (1 PDF URL; see lecture index)	docs/courses/optimization-pku-wenzw-study-units/03-optimality.md	Official home/index URL match; partial HTTP 206; PDF text not read in this batch	Read full PDF and check formulas, claims and version before marking reviewed
optbook_lecture_topic	LECTURE-09	梯度下降算法 (1 PDF URL; see lecture index)	docs/courses/optimization-pku-wenzw-study-units/04-unconstrained.md	Official home/index URL match; partial HTTP 206; PDF text not read in this batch	Read full PDF and check formulas, claims and version before marking reviewed
optbook_lecture_topic	LECTURE-10	次梯度 (1 PDF URL; see lecture index)	docs/courses/optimization-pku-wenzw-study-roadmap.md (planned)	Official home/index URL match; partial HTTP 206; PDF text not read in this batch	Read full PDF and check formulas, claims and version before marking reviewed
optbook_lecture_topic	LECTURE-11	次梯度算法 (2 PDF URLs; see lecture index)	docs/courses/optimization-pku-wenzw-study-roadmap.md (planned)	Official home/index URL match; partial HTTP 206; PDF text not read in this batch	Read full PDF and check formulas, claims and version before marking reviewed
optbook_lecture_topic	LECTURE-12	牛顿类算法 (1 PDF URL; see lecture index)	docs/courses/optimization-pku-wenzw-study-units/04-unconstrained.md	Official home/index URL match; partial HTTP 206; PDF text not read in this batch	Read full PDF and check formulas, claims and version before marking reviewed
optbook_lecture_topic	LECTURE-13	信赖域算法 (2 PDF URLs; see lecture index)	docs/courses/optimization-pku-wenzw-study-units/04-unconstrained.md	Official home/index URL match; partial HTTP 206; PDF text not read in this batch	Read full PDF and check formulas, claims and version before marking reviewed
optbook_lecture_topic	LECTURE-14	拟牛顿算法 (1 PDF URL; see lecture index)	docs/courses/optimization-pku-wenzw-study-units/04-unconstrained.md	Official home/index URL match; partial HTTP 206; PDF text not read in this batch	Read full PDF and check formulas, claims and version before marking reviewed
optbook_lecture_topic	LECTURE-15	非线性最小二乘问题 (1 PDF URL; see lecture index)	docs/courses/optimization-pku-wenzw-study-units/04-unconstrained.md	Official home/index URL match; partial HTTP 206; PDF text not read in this batch	Read full PDF and check formulas, claims and version before marking reviewed
optbook_lecture_topic	LECTURE-16	罚函数法 (1 PDF URL; see lecture index)	docs/courses/optimization-pku-wenzw-study-units/05-constrained.md	Official home/index URL match; partial HTTP 206; PDF text not read in this batch	Read full PDF and check formulas, claims and version before marking reviewed
optbook_lecture_topic	LECTURE-17	增广拉格朗日函数法 (2 PDF URLs; see lecture index)	docs/courses/optimization-pku-wenzw-study-units/05-constrained.md	Official home/index URL match; partial HTTP 206; PDF text not read in this batch	Read full PDF and check formulas, claims and version before marking reviewed
optbook_lecture_topic	LECTURE-18	线性规划内点法 (1 PDF URL; see lecture index)	docs/courses/optimization-pku-wenzw-study-units/05-constrained.md	Official home/index URL match; partial HTTP 206; PDF text not read in this batch	Read full PDF and check formulas, claims and version before marking reviewed
optbook_lecture_topic	LECTURE-19	近似点算子 (1 PDF URL; see lecture index)	docs/courses/optimization-pku-wenzw-study-units/06-composite.md	Official home/index URL match; partial HTTP 206; PDF text not read in this batch	Read full PDF and check formulas, claims and version before marking reviewed
optbook_lecture_topic	LECTURE-20	近似点梯度算法 (1 PDF URL; see lecture index)	docs/courses/optimization-pku-wenzw-study-units/06-composite.md	Official home/index URL match; partial HTTP 206; PDF text not read in this batch	Read full PDF and check formulas, claims and version before marking reviewed
optbook_lecture_topic	LECTURE-21	Nesterov 加速算法 (1 PDF URL; see lecture index)	docs/courses/optimization-pku-wenzw-study-units/06-composite.md	Official home/index URL match; partial HTTP 206; PDF text not read in this batch	Read full PDF and check formulas, claims and version before marking reviewed
optbook_lecture_topic	LECTURE-22	近似点算法 (1 PDF URL; see lecture index)	docs/courses/optimization-pku-wenzw-study-units/06-composite.md	Official home/index URL match; partial HTTP 206; PDF text not read in this batch	Read full PDF and check formulas, claims and version before marking reviewed
optbook_lecture_topic	LECTURE-23	分块坐标下降法 (2 PDF URLs; see lecture index)	docs/courses/optimization-pku-wenzw-study-units/06-composite.md	Official home/index URL match; partial HTTP 206; PDF text not read in this batch	Read full PDF and check formulas, claims and version before marking reviewed
optbook_lecture_topic	LECTURE-24	对偶算法 (1 PDF URL; see lecture index)	docs/courses/optimization-pku-wenzw-study-units/06-composite.md	Official home/index URL match; partial HTTP 206; PDF text not read in this batch	Read full PDF and check formulas, claims and version before marking reviewed
optbook_lecture_topic	LECTURE-25	交替方向乘子法（ADMM） (1 PDF URL; see lecture index)	docs/courses/optimization-pku-wenzw-study-units/06-composite.md	Official home/index URL match; partial HTTP 206; PDF text not read in this batch	Read full PDF and check formulas, claims and version before marking reviewed
optbook_lecture_topic	LECTURE-26	随机优化算法 (1 PDF URL; see lecture index)	docs/courses/optimization-pku-wenzw-study-roadmap.md (planned)	Official home/index URL match; partial HTTP 206; PDF text not read in this batch	Read full PDF and check formulas, claims and version before marking reviewed
optbook_lecture_topic	LECTURE-27	半光滑牛顿算法 (2 PDF URLs; see lecture index)	docs/courses/optimization-pku-wenzw-study-roadmap.md (planned)	Official home/index URL match; partial HTTP 206; PDF text not read in this batch	Read full PDF and check formulas, claims and version before marking reviewed
optbook_matlab_program	PROGRAM-01	LASSO 问题的梯度下降法 (see program index)	docs/courses/optimization-pku-wenzw-study-roadmap.md (planned)	Official description HTTP 200; .m partial HTTP 206; program not run	Read complete code, identify dependencies, run and compare documented result
optbook_matlab_program	PROGRAM-02	实例：利用梯度法解 LASSO 问题 (see program index)	docs/courses/optimization-pku-wenzw-study-roadmap.md (planned)	Official description HTTP 200; .m partial HTTP 206; program not run	Read complete code, identify dependencies, run and compare documented result
optbook_matlab_program	PROGRAM-03	LASSO 连续化策略 (see program index)	docs/courses/optimization-pku-wenzw-study-roadmap.md (planned)	Official description HTTP 200; .m partial HTTP 206; program not run	Read complete code, identify dependencies, run and compare documented result
optbook_matlab_program	PROGRAM-04	BB 步长梯度下降法 (see program index)	docs/courses/optimization-pku-wenzw-study-roadmap.md (planned)	Official description HTTP 200; .m partial HTTP 206; program not run	Read complete code, identify dependencies, run and compare documented result
optbook_matlab_program	PROGRAM-05	实例：Tikhonov 正则化模型用于图片去噪 (see program index)	docs/courses/optimization-pku-wenzw-study-roadmap.md (planned)	Official description HTTP 200; .m partial HTTP 206; program not run	Read complete code, identify dependencies, run and compare documented result
optbook_matlab_program	PROGRAM-06	LASSO 问题的次梯度解法 (see program index)	docs/courses/optimization-pku-wenzw-study-roadmap.md (planned)	Official description HTTP 200; .m partial HTTP 206; program not run	Read complete code, identify dependencies, run and compare documented result
optbook_matlab_program	PROGRAM-07	实例：次梯度法解 LASSO 问题 (see program index)	docs/courses/optimization-pku-wenzw-study-roadmap.md (planned)	Official description HTTP 200; .m partial HTTP 206; program not run	Read complete code, identify dependencies, run and compare documented result
optbook_matlab_program	PROGRAM-08	LASSO 问题的连续化次梯度法 (see program index)	docs/courses/optimization-pku-wenzw-study-roadmap.md (planned)	Official description HTTP 200; .m partial HTTP 206; program not run	Read complete code, identify dependencies, run and compare documented result
optbook_matlab_program	PROGRAM-09	实例：连续化次梯度法解 LASSO 问题 (see program index)	docs/courses/optimization-pku-wenzw-study-roadmap.md (planned)	Official description HTTP 200; .m partial HTTP 206; program not run	Read complete code, identify dependencies, run and compare documented result
optbook_matlab_program	PROGRAM-10	牛顿-共轭梯度法 (see program index)	docs/courses/optimization-pku-wenzw-study-roadmap.md (planned)	Official description HTTP 200; .m partial HTTP 206; program not run	Read complete code, identify dependencies, run and compare documented result
optbook_matlab_program	PROGRAM-11	实例：牛顿-共轭梯度法解逻辑回归问题 (see program index)	docs/courses/optimization-pku-wenzw-study-roadmap.md (planned)	Official description HTTP 200; .m partial HTTP 206; program not run	Read complete code, identify dependencies, run and compare documented result
optbook_matlab_program	PROGRAM-12	L-BFGS 算法 (see program index)	docs/courses/optimization-pku-wenzw-study-roadmap.md (planned)	Official description HTTP 200; .m partial HTTP 206; program not run	Read complete code, identify dependencies, run and compare documented result
optbook_matlab_program	PROGRAM-13	实例：L-BFGS算法解基追踪问题 (see program index)	docs/courses/optimization-pku-wenzw-study-roadmap.md (planned)	Official description HTTP 200; .m partial HTTP 206; program not run	Read complete code, identify dependencies, run and compare documented result
optbook_matlab_program	PROGRAM-14	实例：L-BFGS算法解逻辑回归问题 (see program index)	docs/courses/optimization-pku-wenzw-study-roadmap.md (planned)	Official description HTTP 200; .m partial HTTP 206; program not run	Read complete code, identify dependencies, run and compare documented result
optbook_matlab_program	PROGRAM-15	信赖域算法 (see program index)	docs/courses/optimization-pku-wenzw-study-roadmap.md (planned)	Official description HTTP 200; .m partial HTTP 206; program not run	Read complete code, identify dependencies, run and compare documented result
optbook_matlab_program	PROGRAM-16	实例：信赖域算法解逻辑回归问题 (see program index)	docs/courses/optimization-pku-wenzw-study-roadmap.md (planned)	Official description HTTP 200; .m partial HTTP 206; program not run	Read complete code, identify dependencies, run and compare documented result
optbook_matlab_program	PROGRAM-17	编码衍射模型的 Wirtinger 梯度下降算法 (see program index)	docs/courses/optimization-pku-wenzw-study-roadmap.md (planned)	Official description HTTP 200; .m partial HTTP 206; program not run	Read complete code, identify dependencies, run and compare documented result
optbook_matlab_program	PROGRAM-18	编码衍射模型的 Nesterov 加速算法 (see program index)	docs/courses/optimization-pku-wenzw-study-roadmap.md (planned)	Official description HTTP 200; .m partial HTTP 206; program not run	Read complete code, identify dependencies, run and compare documented result
optbook_matlab_program	PROGRAM-19	编码衍射模型的 LM 算法 (see program index)	docs/courses/optimization-pku-wenzw-study-roadmap.md (planned)	Official description HTTP 200; .m partial HTTP 206; program not run	Read complete code, identify dependencies, run and compare documented result
optbook_matlab_program	PROGRAM-20	实例：编码衍射模型求解 (see program index)	docs/courses/optimization-pku-wenzw-study-roadmap.md (planned)	Official description HTTP 200; .m partial HTTP 206; program not run	Read complete code, identify dependencies, run and compare documented result
optbook_matlab_program	PROGRAM-21	实例：罚函数法解基追踪问题 (see program index)	docs/courses/optimization-pku-wenzw-study-units/05-constrained.md	Official description HTTP 200; .m partial HTTP 206; program not run	Read complete code, identify dependencies, run and compare documented result
optbook_matlab_program	PROGRAM-22	基追踪问题的增广拉格朗日函数法解法 (see program index)	docs/courses/optimization-pku-wenzw-study-units/05-constrained.md	Official description HTTP 200; .m partial HTTP 206; program not run	Read complete code, identify dependencies, run and compare documented result
optbook_matlab_program	PROGRAM-23	实例：增广拉格朗日函数法解基追踪问题 (see program index)	docs/courses/optimization-pku-wenzw-study-units/05-constrained.md	Official description HTTP 200; .m partial HTTP 206; program not run	Read complete code, identify dependencies, run and compare documented result
optbook_matlab_program	PROGRAM-24	LASSO 问题的近似点梯度法 (see program index)	docs/courses/optimization-pku-wenzw-study-units/06-composite.md	Official description HTTP 200; .m partial HTTP 206; program not run	Read complete code, identify dependencies, run and compare documented result
optbook_matlab_program	PROGRAM-25	LASSO 问题的 FISTA 算法 (see program index)	docs/courses/optimization-pku-wenzw-study-units/06-composite.md	Official description HTTP 200; .m partial HTTP 206; program not run	Read complete code, identify dependencies, run and compare documented result
optbook_matlab_program	PROGRAM-26	LASSO 问题的第二类 Nesterov 加速算法 (see program index)	docs/courses/optimization-pku-wenzw-study-units/06-composite.md	Official description HTTP 200; .m partial HTTP 206; program not run	Read complete code, identify dependencies, run and compare documented result
optbook_matlab_program	PROGRAM-27	实例：近似点梯度法及其 Nesterov 加速算法求解 LASSO 问题 (see program index)	docs/courses/optimization-pku-wenzw-study-units/06-composite.md	Official description HTTP 200; .m partial HTTP 206; program not run	Read complete code, identify dependencies, run and compare documented result
optbook_matlab_program	PROGRAM-28	LASSO 问题的近似点算法 (see program index)	docs/courses/optimization-pku-wenzw-study-units/06-composite.md	Official description HTTP 200; .m partial HTTP 206; program not run	Read complete code, identify dependencies, run and compare documented result
optbook_matlab_program	PROGRAM-29	实例：近似点算法解 LASSO 问题 (see program index)	docs/courses/optimization-pku-wenzw-study-units/06-composite.md	Official description HTTP 200; .m partial HTTP 206; program not run	Read complete code, identify dependencies, run and compare documented result
optbook_matlab_program	PROGRAM-30	LASSO 问题的分块坐标下降法 (see program index)	docs/courses/optimization-pku-wenzw-study-units/06-composite.md	Official description HTTP 200; .m partial HTTP 206; program not run	Read complete code, identify dependencies, run and compare documented result
optbook_matlab_program	PROGRAM-31	实例：分块坐标下降法求解 LASSO 问题 (see program index)	docs/courses/optimization-pku-wenzw-study-units/06-composite.md	Official description HTTP 200; .m partial HTTP 206; program not run	Read complete code, identify dependencies, run and compare documented result
optbook_matlab_program	PROGRAM-32	LASSO 问题的原始-对偶混合梯度算法 (see program index)	docs/courses/optimization-pku-wenzw-study-units/06-composite.md	Official description HTTP 200; .m partial HTTP 206; program not run	Read complete code, identify dependencies, run and compare documented result
optbook_matlab_program	PROGRAM-33	实例：原始-对偶混合梯度算法求解 LASSO 问题 (see program index)	docs/courses/optimization-pku-wenzw-study-units/06-composite.md	Official description HTTP 200; .m partial HTTP 206; program not run	Read complete code, identify dependencies, run and compare documented result
optbook_matlab_program	PROGRAM-34	LASSO 原问题的交替方向乘子法 (see program index)	docs/courses/optimization-pku-wenzw-study-units/06-composite.md	Official description HTTP 200; .m partial HTTP 206; program not run	Read complete code, identify dependencies, run and compare documented result
optbook_matlab_program	PROGRAM-35	LASSO 对偶问题的交替方向乘子法 (see program index)	docs/courses/optimization-pku-wenzw-study-units/06-composite.md	Official description HTTP 200; .m partial HTTP 206; program not run	Read complete code, identify dependencies, run and compare documented result
optbook_matlab_program	PROGRAM-36	实例：交替方向乘子法解 LASSO 问题 (see program index)	docs/courses/optimization-pku-wenzw-study-units/06-composite.md	Official description HTTP 200; .m partial HTTP 206; program not run	Read complete code, identify dependencies, run and compare documented result
optbook_matlab_program	PROGRAM-37	随机梯度下降算法 (see program index)	docs/courses/optimization-pku-wenzw-study-roadmap.md (planned)	Official description HTTP 200; .m partial HTTP 206; program not run	Read complete code, identify dependencies, run and compare documented result
optbook_matlab_program	PROGRAM-38	AdaGrad 算法 (see program index)	docs/courses/optimization-pku-wenzw-study-roadmap.md (planned)	Official description HTTP 200; .m partial HTTP 206; program not run	Read complete code, identify dependencies, run and compare documented result
optbook_matlab_program	PROGRAM-39	RMSProp 算法 (see program index)	docs/courses/optimization-pku-wenzw-study-roadmap.md (planned)	Official description HTTP 200; .m partial HTTP 206; program not run	Read complete code, identify dependencies, run and compare documented result
optbook_matlab_program	PROGRAM-40	AdaDelta 算法 (see program index)	docs/courses/optimization-pku-wenzw-study-roadmap.md (planned)	Official description HTTP 200; .m partial HTTP 206; program not run	Read complete code, identify dependencies, run and compare documented result
optbook_matlab_program	PROGRAM-41	Adam 算法 (see program index)	docs/courses/optimization-pku-wenzw-study-roadmap.md (planned)	Official description HTTP 200; .m partial HTTP 206; program not run	Read complete code, identify dependencies, run and compare documented result
optbook_matlab_program	PROGRAM-42	实例：随机优化算法求解逻辑回归问题 (see program index)	docs/courses/optimization-pku-wenzw-study-roadmap.md (planned)	Official description HTTP 200; .m partial HTTP 206; program not run	Read complete code, identify dependencies, run and compare documented result
textbook_group	TEXTBOOK-2E	《最优化：建模、算法与理论》第二版（用户提供）	docs/courses/optimization-pku-wenzw-study-roadmap.md	Foreword/contents recorded previously; full PDF not re-read in this batch	Locate authorized copy; chapter-level evidence audit; do not republish PDF
external_source_group	OFFICIAL-COURSES	Two PKU courses and two Chinese MOOCs (see course resource page)	docs/courses/optimization-pku-wenzw.md	Entry pages checked in resource scan; teaching contents not fully reviewed	Itemize syllabi and map actual lessons to study units
external_source_group	BOOK-PAGES	Publisher and PKU 101-plan pages (see course resource page)	docs/courses/optimization-pku-wenzw.md	Pages opened; latest printing field not reverified in resource scan	Reverify edition and printing before citing them as current
external_source_group	FORMAL-CODE	Optimization/formal code repositories (see course resource page)	docs/courses/optimization-pku-wenzw.md	Selected repository metadata checked; software not installed or run	Inventory repositories individually and verify examples/licenses
