method,iteration,objective,prox_mapping_norm,relative_recovery_error,support_symmetric_difference,seconds,stress,lambda_value
ISTA,1,0.019481620894435413,0.022622850167669878,0.9359245148097088,13,0.00012480001896619797,True,0.002
ISTA,2,0.015863983163258058,0.014993895603553171,0.901869234634335,22,0.0001962999813258648,True,0.002
ISTA,3,0.014167737863440928,0.011231381262200493,0.8783103700116506,25,0.0002587999915704131,True,0.002
ISTA,4,0.013176831739148185,0.009237794911897572,0.8599185368419356,23,0.00031510007102042437,True,0.002
ISTA,5,0.01248932247814825,0.007959580984983745,0.8445693341581147,21,0.0003719000378623605,True,0.002
ISTA,6,0.011968803445487043,0.007035322087357894,0.8312416948625461,20,0.0004282000008970499,True,0.002
ISTA,7,0.011558482102351757,0.0064101095423975685,0.819395786743533,19,0.00048290006816387177,True,0.002
ISTA,8,0.011219029992654636,0.005952013299119506,0.8086916851753233,19,0.0005368000129237771,True,0.002
ISTA,9,0.010923369323307527,0.005476817781845882,0.7989128226836847,19,0.0005905000725761056,True,0.002
ISTA,10,0.010672558387219469,0.005115270183538751,0.7898919389737151,18,0.0006443000165745616,True,0.002
ISTA,11,0.010449880514589819,0.004750351845561234,0.7815259947005568,18,0.0006974000716581941,True,0.002
ISTA,12,0.010258795974838515,0.004511425110230047,0.7737280747410766,17,0.000757700065150857,True,0.002
ISTA,13,0.01008821183578901,0.004261780500189497,0.766460716577543,17,0.0008122000144794583,True,0.002
ISTA,14,0.00993598267160439,0.004066811776820608,0.7596599892611768,14,0.000867399969138205,True,0.002
ISTA,15,0.009796918848454272,0.003919353820707286,0.7532794822134331,12,0.0009217000333592296,True,0.002
ISTA,16,0.009667386711320187,0.003783946937930515,0.7472729609172029,11,0.0009750999743118882,True,0.002
ISTA,17,0.009546631997054623,0.0036776999709016954,0.741600129734261,10,0.001027700025588274,True,0.002
ISTA,18,0.009432409069412286,0.003566599557278916,0.7362366956318794,10,0.0011433999752625823,True,0.002
ISTA,19,0.009324601619363363,0.003448771090085355,0.7311574689052573,10,0.0012027999619022012,True,0.002
ISTA,20,0.009223382544691763,0.003333518065081519,0.7263467080484102,10,0.001256600022315979,True,0.002
ISTA,21,0.009129548468069484,0.003243290552967669,0.7217879906488247,9,0.0013133999891579151,True,0.002
ISTA,22,0.009040517094746865,0.0031533131384805886,0.7174731339298168,9,0.001366000040434301,True,0.002
ISTA,23,0.008956450895735428,0.0030579481256975943,0.7133840594846048,9,0.0014177999692037702,True,0.002
ISTA,24,0.0088768681333305,0.0029688202401553197,0.7095111082444414,8,0.0014703000197187066,True,0.002
ISTA,25,0.008802088996209377,0.0028457619444236743,0.7058429352437058,8,0.0015221000649034977,True,0.002
ISTA,26,0.00873363545935316,0.0027388439660020222,0.7023729305066397,8,0.001573599991388619,True,0.002
ISTA,27,0.008670098140058166,0.002605454764435978,0.6991109407307518,8,0.0016275000525638461,True,0.002
ISTA,28,0.008612598291060328,0.00250900597519692,0.6960431860764537,8,0.0016790999798104167,True,0.002
ISTA,29,0.00855930716567952,0.002434237906417792,0.6931552064360031,7,0.0017329000402241945,True,0.002
ISTA,30,0.008509078434607714,0.002332814305955889,0.6904319548343827,7,0.0017851999728009105,True,0.002
ISTA,31,0.00846308023928083,0.0022775073783952086,0.6878585479445155,6,0.0018474999815225601,True,0.002
ISTA,32,0.008419180243657313,0.0022288000705580585,0.6854353875707436,6,0.001901300041936338,True,0.002
ISTA,33,0.008377102032271039,0.002184552394857228,0.6831500564173713,5,0.0019533999729901552,True,0.002
ISTA,34,0.00833665477122409,0.0021434510805159648,0.6809926329469252,5,0.0020052000181749463,True,0.002
ISTA,35,0.008297699813990568,0.002078155013992188,0.6789549681035806,5,0.0020568000618368387,True,0.002
ISTA,36,0.008260719636373495,0.0020210002562926523,0.6770299777204607,4,0.0021084999898448586,True,0.002
ISTA,37,0.008226172472025617,0.0019746929092584885,0.6752144905969637,4,0.002159500028938055,True,0.002
ISTA,38,0.008193181434666345,0.001930416233339179,0.6735095211677344,4,0.002210400067269802,True,0.002
ISTA,39,0.00816164720390965,0.001887812306334272,0.6719082323217465,4,0.002261499990709126,True,0.002
ISTA,40,0.00813148527830106,0.0018466381215165742,0.670404597752106,3,0.0023149000480771065,True,0.002
ISTA,41,0.008102621661477061,0.0018068368637292546,0.6689932165884872,2,0.0023663999745622277,True,0.002
ISTA,42,0.008074983254644546,0.0017685757118899596,0.667669184679773,1,0.0024184000212699175,True,0.002
ISTA,43,0.008048498930439768,0.0016733053977062574,0.6664283266715819,1,0.002469200058840215,True,0.002
ISTA,44,0.00802452159146239,0.0016226509171733674,0.6652656252848864,0,0.0025195999769493937,True,0.002
ISTA,45,0.008002327515022018,0.001574679729501342,0.6641848067375994,0,0.002570000011473894,True,0.002
ISTA,46,0.00798141585075916,0.00151530188785167,0.6631836432053649,0,0.002620500046759844,True,0.002
ISTA,47,0.007961873699418281,0.0014199536840555325,0.6622567460462909,0,0.002671099966391921,True,0.002
ISTA,48,0.007944978836477748,0.0013438318001626232,0.6613983366880356,0,0.0027218000032007694,True,0.002
ISTA,49,0.007929756810197268,0.0012864841847734804,0.6606107627384135,0,0.00277220003772527,True,0.002
ISTA,50,0.007915888478927687,0.001233586041875951,0.6598891059790438,0,0.002825799980200827,True,0.002
ISTA,51,0.007903128770348596,0.0011843151771616768,0.6592276604318285,0,0.0028771000215783715,True,0.002
ISTA,52,0.007891362750014869,0.0011379524853485483,0.6586205560880554,0,0.002927500056102872,True,0.002
ISTA,53,0.00788049665349593,0.0010940147718353198,0.6580627489761761,0,0.002977799973450601,True,0.002
ISTA,54,0.007870451424724846,0.000995471207915396,0.6575498457930838,0,0.0030285000102594495,True,0.002
ISTA,55,0.007861922460261895,0.0008935425422810049,0.6570774717256546,0,0.003079000045545399,True,0.002
ISTA,56,0.00785502628645129,0.0007281100909181677,0.6566462203591529,0,0.003129199962131679,True,0.002
ISTA,57,0.0078507314901483,0.0006502712828546099,0.656256346392013,0,0.0031795999966561794,True,0.002
ISTA,58,0.007847297066718538,0.000568337648056046,0.6559186411977767,0,0.003231900045648217,True,0.002
ISTA,59,0.007844690577025836,0.0005038052069256349,0.6556249140762428,0,0.0032827999675646424,True,0.002
ISTA,60,0.007842640808452867,0.0004472980210930912,0.6553710817852859,0,0.0033370000310242176,True,0.002
ISTA,61,0.007841024051260645,0.00039763154145893906,0.6551511869443839,0,0.003389199962839484,True,0.002
ISTA,62,0.007839745741613469,0.0003538498811577914,0.6549602954668686,0,0.003440600004978478,True,0.002
ISTA,63,0.00783873299750565,0.00030443158184358864,0.6547942897709074,0,0.0034914000425487757,True,0.002
ISTA,64,0.007837960790765616,0.0002605940600476959,0.6546497009092463,0,0.0035444999812170863,True,0.002
ISTA,65,0.007837415411369827,0.00022861727573958334,0.6545240065616768,0,0.0035960000241175294,True,0.002
ISTA,66,0.007836995487518102,0.0002007365436768849,0.6544156404540302,0,0.003647700068540871,True,0.002
ISTA,67,0.007836671626961274,0.00017638406979523876,0.6543221355857645,0,0.0036985999904572964,True,0.002
ISTA,68,0.007836421501517721,0.00015508551604004052,0.6542414188982348,0,0.003749100025743246,True,0.002
ISTA,69,0.007836228080923163,0.00013643831397592887,0.6541717369536106,0,0.0037995000602677464,True,0.002
ISTA,70,0.007836078338718046,0.00012009772125030087,0.6541115987452486,0,0.0038497999776154757,True,0.002
ISTA,71,0.00783596228893015,0.00010508927802423635,0.6540597308665606,0,0.003900200012139976,True,0.002
ISTA,72,0.00783587284285736,8.780064802141449e-05,0.6540150417645253,0,0.003950900048948824,True,0.002
ISTA,73,0.007835811280091972,7.610425625661223e-05,0.6539766140819071,0,0.004001099965535104,True,0.002
ISTA,74,0.00783576500519171,6.60260456209344e-05,0.6539440345628739,0,0.004051600000821054,True,0.002
ISTA,75,0.007835730164405677,5.73158391972998e-05,0.653916479166791,0,0.004101800033822656,True,0.002
ISTA,76,0.007835703904477078,4.977437889362117e-05,0.653893251950653,0,0.004152200068347156,True,0.002
ISTA,77,0.007835684097501718,4.323767285394315e-05,0.6538737612808715,0,0.004202399984933436,True,0.002
ISTA,78,0.007835669149631519,3.7567976070359054e-05,0.6538575016339084,0,0.00425380002707243,True,0.002
ISTA,79,0.007835657863865978,3.264815887610971e-05,0.6538440393620875,0,0.004306099959649146,True,0.002
ISTA,80,0.00783564933972981,2.837788546491282e-05,0.6538330013439049,0,0.004356299992650747,True,0.002
ISTA,81,0.007835642899064525,2.467082255818736e-05,0.6538240657834697,0,0.004406800027936697,True,0.002
ISTA,82,0.00783563803075004,2.14524813802704e-05,0.6538169546477923,0,0.0044568000594154,True,0.002
ISTA,83,0.007835634349349184,1.8658481863464643e-05,0.6538114273787009,0,0.004506799974478781,True,0.002
ISTA,84,0.007835631564083421,1.6233119806188603e-05,0.6538072756156498,0,0.00455740001052618,True,0.002
ISTA,85,0.007835629455516772,1.4128164444695041e-05,0.6538043187336955,0,0.004607800045050681,True,0.002
ISTA,86,0.007835627858010947,1.2301838729770206e-05,0.6538024000482543,0,0.00465809996239841,True,0.002
ISTA,87,0.007835626646511428,1.071794855231478e-05,0.6538013835718256,0,0.0047085999976843596,True,0.002
ISTA,88,0.007835625726588774,9.34513552560381e-06,0.6538011512321674,0,0.004759100032970309,True,0.002
ISTA,89,0.007835625026929444,8.156233288664055e-06,0.653801600479351,0,0.004809300065971911,True,0.002
ISTA,90,0.007835624493671367,7.127710927385847e-06,0.653802642222651,0,0.004862000001594424,True,0.002
ISTA,91,0.00783562408612973,6.239189686608565e-06,0.6538041990486338,0,0.004912200034596026,True,0.002
ISTA,92,0.007835623773570933,5.473021045297063e-06,0.6538062036799532,0,0.004962500068359077,True,0.002
ISTA,93,0.007835623532777187,4.8139157072795184e-06,0.6538085976408639,0,0.005012699984945357,True,0.002
ISTA,94,0.00783562334620766,4.248614363796499e-06,0.6538113301007097,0,0.005064700031653047,True,0.002
ISTA,95,0.007835623200609843,3.765592483821723e-06,0.6538143568709571,0,0.005114900064654648,True,0.002
ISTA,96,0.007835623085970815,3.3547932129585685e-06,0.6538176395349027,0,0.005167299997992814,True,0.002
ISTA,97,0.007835622994725082,3.0073850115500765e-06,0.653821144692171,0,0.005218200036324561,True,0.002
ISTA,98,0.007835622921156225,2.7155440262013528e-06,0.6538248433026334,0,0.005268600070849061,True,0.002
ISTA,99,0.007835622860944884,2.4722649277303097e-06,0.6538287101164947,0,0.005321300006471574,True,0.002
ISTA,100,0.007835622810827251,2.2712068625693722e-06,0.6538327231791258,0,0.005372000043280423,True,0.002
ISTA,101,0.0078356227683371,2.106581498061816e-06,0.6538368634007532,0,0.005422699963673949,True,0.002
ISTA,102,0.007835622731610838,1.973086519491861e-06,0.6538411141824602,0,0.005473400000482798,True,0.002
ISTA,103,0.007835622699240248,1.8658807263407122e-06,0.6538454610910897,0,0.005523700034245849,True,0.002
ISTA,104,0.007835622670161198,1.7805887862341569e-06,0.6538498915766277,0,0.005574400071054697,True,0.002
ISTA,105,0.007835622643569563,1.7133185814623338e-06,0.6538543947265005,0,0.005625199992209673,True,0.002
ISTA,106,0.007835622618857691,1.6606744315694392e-06,0.6538589610519482,0,0.005675200023688376,True,0.002
ISTA,107,0.007835622595566399,1.619754793442394e-06,0.6538635823022808,0,0.005725400056689978,True,0.002
ISTA,108,0.00783562257334869,1.5881304333157993e-06,0.6538682513033722,0,0.005775699974037707,True,0.002
ISTA,109,0.007835622551942346,1.5638053726509691e-06,0.6538729618172225,0,0.0058259000070393085,True,0.002
ISTA,110,0.007835622531149215,1.545166422139533e-06,0.6538777084198416,0,0.005876800045371056,True,0.002
ISTA,111,0.007835622510819554,1.5309278456165882e-06,0.6538824863950609,0,0.0059272999642416835,True,0.002
ISTA,112,0.007835622490840204,1.5200766195386554e-06,0.653887291642193,0,0.0059775999980047345,True,0.002
ISTA,113,0.007835622471125658,1.5118219738961694e-06,0.6538921205957375,0,0.0060279000317677855,True,0.002
ISTA,114,0.00783562245161129,1.5055511748973714e-06,0.6538969701555565,0,0.006078300066292286,True,0.002
ISTA,115,0.00783562243224827,1.5007921884341793e-06,0.6539018376261576,0,0.0061283999821171165,True,0.002
ISTA,116,0.007835622412999696,1.4971830099208014e-06,0.6539067206638973,0,0.006178800016641617,True,0.002
ISTA,117,0.007835622393837675,1.494446983489994e-06,0.6539116172310684,0,0.0062293000519275665,True,0.002
ISTA,118,0.007835622374741138,1.4923732456333229e-06,0.6539165255559772,0,0.006281399982981384,True,0.002
ISTA,119,0.007835622355694157,1.4908014082935926e-06,0.6539214440982292,0,0.006331700016744435,True,0.002
ISTA,120,0.007835622336684694,1.489609667107644e-06,0.6539263715185418,0,0.006382000050507486,True,0.002
ISTA,121,0.007835622317703659,1.48870562964648e-06,0.6539313066524964,0,0.006434399983845651,True,0.002
ISTA,122,0.007835622298744179,1.4880192768102715e-06,0.6539362484877136,0,0.006485300022177398,True,0.002
ISTA,123,0.007835622279801056,1.4874975814020592e-06,0.6539411961440077,0,0.006536000058986247,True,0.002
ISTA,124,0.007835622260870367,1.487100405522559e-06,0.6539461488561307,0,0.006589900003746152,True,0.002
ISTA,125,0.007835622241949147,1.4867973795490739e-06,0.6539511059587664,0,0.006640300038270652,True,0.002
ISTA,126,0.007835622223035153,1.4865655317000072e-06,0.6539560668734853,0,0.006691699963994324,True,0.002
ISTA,127,0.007835622204126693,1.486387489893792e-06,0.6539610310974002,0,0.006742300000041723,True,0.002
ISTA,128,0.007835622185222484,1.4862501189912225e-06,0.6539659981933026,0,0.00679470004979521,True,0.002
ISTA,129,0.00783562216632156,1.4861434886959863e-06,0.6539709677810869,0,0.006847599986940622,True,0.002
ISTA,130,0.00783562214742319,1.4860600923584876e-06,0.6539759395302945,0,0.006899700034409761,True,0.002
ISTA,131,0.007835622128526822,1.4859942558336097e-06,0.6539809131536306,0,0.006950200069695711,True,0.002
ISTA,132,0.007835622109632037,1.4859416904197432e-06,0.6539858884013263,0,0.007000799989327788,True,0.002
ISTA,133,0.007835622090738521,1.4858991546554639e-06,0.6539908650562396,0,0.0070578999584540725,True,0.002
ISTA,134,0.007835622071846036,1.485864198724978e-06,0.6539958429295932,0,0.007110900012776256,True,0.002
ISTA,135,0.0078356220529544,1.485834971146283e-06,0.6540008218572702,0,0.007161600049585104,True,0.002
ISTA,136,0.007835622034063478,1.4858100726461063e-06,0.6540058016965931,0,0.0072119999676942825,True,0.002
ISTA,137,0.007835622015173167,1.4857884457568347e-06,0.6540107823235238,0,0.007262500002980232,True,0.002
ISTA,138,0.007835621996283388,1.4857692913015428e-06,0.6540157636302286,0,0.007315500057302415,True,0.002
ISTA,139,0.007835621977394085,1.4857520053220657e-06,0.654020745522962,0,0.007365899975411594,True,0.002
ISTA,140,0.007835621958505212,1.4857361314070174e-06,0.6540257279202258,0,0.007416200009174645,True,0.002
ISTA,141,0.007835621939616734,1.4857213246248372e-06,0.6540307107511696,0,0.007466700044460595,True,0.002
ISTA,142,0.007835621920728628,1.4857073243025107e-06,0.6540356939542,0,0.0075168999610468745,True,0.002
ISTA,143,0.007835621901840874,1.4856939334687916e-06,0.6540406774757708,0,0.007567499997094274,True,0.002
ISTA,144,0.007835621882953456,1.4856810032376726e-06,0.6540456612693322,0,0.007618300034664571,True,0.002
ISTA,145,0.007835621864066365,1.4856684211167967e-06,0.6540506452944164,0,0.007668800069950521,True,0.002
ISTA,146,0.007835621845179592,1.485656102093045e-06,0.6540556295158433,0,0.007718999986536801,True,0.002
ISTA,147,0.00783562182629313,1.4856439819040478e-06,0.6540606139030295,0,0.007769400021061301,True,0.002
ISTA,148,0.007835621807406979,1.485632012005977e-06,0.654065598429388,0,0.007819500053301454,True,0.002
ISTA,149,0.007835621788521128,1.4856201557075855e-06,0.6540705830718055,0,0.007869799970649183,True,0.002
ISTA,150,0.007835621769635578,1.4856083852760227e-06,0.6540755678101892,0,0.007921400014311075,True,0.002
ISTA,151,0.007835621750750327,1.4855966797562066e-06,0.6540805526270714,0,0.007971900049597025,True,0.002
ISTA,152,0.007835621731865375,1.4855850233101653e-06,0.6540855375072675,0,0.008021999965421855,True,0.002
ISTA,153,0.007835621712980717,1.4855734039750967e-06,0.6540905224375768,0,0.008072299999184906,True,0.002
ISTA,154,0.007835621694096354,1.4855618127111144e-06,0.6540955074065237,0,0.00812230003066361,True,0.002
ISTA,155,0.007835621675212288,1.4855502426698006e-06,0.6541004924041321,0,0.00817280006594956,True,0.002
ISTA,156,0.007835621656328513,1.4855386887023393e-06,0.6541054774217299,0,0.008223199984058738,True,0.002
ISTA,157,0.007835621637445035,1.4855271468954794e-06,0.6541104624517777,0,0.008275600033812225,True,0.002
ISTA,158,0.007835621618561849,1.4855156143063933e-06,0.6541154474877219,0,0.008326600072905421,True,0.002
ISTA,159,0.007835621599678955,1.4855040886982148e-06,0.6541204325238649,0,0.008377199992537498,True,0.002
ISTA,160,0.007835621580796356,1.485492568387383e-06,0.654125417555254,0,0.008429200039245188,True,0.002
ISTA,161,0.007835621561914047,1.485481052106752e-06,0.6541304025775839,0,0.008479999960400164,True,0.002
ISTA,162,0.007835621543032033,1.485469538888241e-06,0.6541353875871114,0,0.008530899998731911,True,0.002
ISTA,163,0.007835621524150313,1.4854580280128823e-06,0.654140372580583,0,0.008581400034017861,True,0.002
ISTA,164,0.007835621505268882,1.4854465189214412e-06,0.6541453575551703,0,0.00863190006930381,True,0.002
ISTA,165,0.007835621486387745,1.4854350112054763e-06,0.6541503425084143,0,0.008683199994266033,True,0.002
ISTA,166,0.0078356214675069,1.4854235045474403e-06,0.6541553274381776,0,0.008733700029551983,True,0.002
ISTA,167,0.007835621448626349,1.4854119987169972e-06,0.6541603123426023,0,0.008783900062553585,True,0.002
ISTA,168,0.00783562142974609,1.4854004935264538e-06,0.654165297220073,0,0.0088361999951303,True,0.002
ISTA,169,0.007835621410866123,1.4853889888485704e-06,0.6541702820691857,0,0.008887700038030744,True,0.002
ISTA,170,0.00783562139198645,1.4853774845681353e-06,0.6541752668887197,0,0.008938000071793795,True,0.002
ISTA,171,0.007835621373107067,1.4853659806173691e-06,0.6541802516776142,0,0.008988599991425872,True,0.002
ISTA,172,0.007835621354227978,1.485354476939365e-06,0.6541852364349467,0,0.009039100026711822,True,0.002
ISTA,173,0.007835621335349182,1.4853429734885935e-06,0.6541902211599154,0,0.009089500061236322,True,0.002
ISTA,174,0.007835621316470675,1.4853314702274339e-06,0.6541952058518238,0,0.009141299990005791,True,0.002
ISTA,175,0.007835621297592464,1.4853199671367212e-06,0.6542001905100653,0,0.009191500023007393,True,0.002
ISTA,176,0.007835621278714544,1.485308464194181e-06,0.6542051751341139,0,0.009242000058293343,True,0.002
ISTA,177,0.007835621259836917,1.4852969613760548e-06,0.6542101597235117,0,0.009294599993154407,True,0.002
ISTA,178,0.007835621240959583,1.4852854586905698e-06,0.6542151442778606,0,0.009345300029963255,True,0.002
ISTA,179,0.00783562122208254,1.4852739561198143e-06,0.654220128796815,0,0.009396200068295002,True,0.002
ISTA,180,0.00783562120320579,1.485262453653043e-06,0.6542251132800739,0,0.00944659998640418,True,0.002
ISTA,181,0.00783562118432933,1.4852509512880355e-06,0.6542300977273766,0,0.009496800019405782,True,0.002
ISTA,182,0.007835621165453166,1.485239449027556e-06,0.6542350821384952,0,0.009547100053168833,True,0.002
ISTA,183,0.007835621146577293,1.4852279468619561e-06,0.6542400665132329,0,0.009597599972039461,True,0.002
ISTA,184,0.007835621127701713,1.4852164447932715e-06,0.6542450508514178,0,0.009647700004279613,True,0.002
ISTA,185,0.007835621108826423,1.485204942812716e-06,0.6542500351529009,0,0.009698300040327013,True,0.002
ISTA,186,0.007835621089951427,1.4851934409339245e-06,0.6542550194175526,0,0.009749099961481988,True,0.002
ISTA,187,0.007835621071076724,1.4851819391428758e-06,0.6542600036452603,0,0.009799699997529387,True,0.002
ISTA,188,0.007835621052202313,1.4851704374443924e-06,0.6542649878359261,0,0.009852200048044324,True,0.002
ISTA,189,0.007835621033328195,1.485158935835219e-06,0.654269971989465,0,0.009902799967676401,True,0.002
ISTA,190,0.007835621014454367,1.4851474343135592e-06,0.654274956105803,0,0.009953200002200902,True,0.002
ISTA,191,0.007835620995580833,1.4851359328839848e-06,0.6542799401848759,0,0.010003500035963953,True,0.002
ISTA,192,0.007835620976707591,1.485124431544264e-06,0.654284924226628,0,0.010056099970825016,True,0.002
ISTA,193,0.007835620957834641,1.4851129302945844e-06,0.6542899082310107,0,0.010106700006872416,True,0.002
ISTA,194,0.007835620938961984,1.4851014291333073e-06,0.654294892197982,0,0.010157200042158365,True,0.002
ISTA,195,0.007835620920089617,1.4850899280618915e-06,0.6542998761275054,0,0.010207499959506094,True,0.002
ISTA,196,0.007835620901217547,1.485078427080321e-06,0.6543048600195491,0,0.010259400005452335,True,0.002
ISTA,197,0.007835620882345766,1.4850669261874449e-06,0.6543098438740858,0,0.010309700039215386,True,0.002
ISTA,198,0.007835620863474276,1.4850554253856712e-06,0.6543148276910908,0,0.010359800071455538,True,0.002
ISTA,199,0.007835620844603082,1.485043924667287e-06,0.6543198114705442,0,0.010409999988041818,True,0.002
ISTA,200,0.007835620825732177,1.4850324240421628e-06,0.6543247952124276,0,0.010460500023327768,True,0.002
ISTA,201,0.007835620806861567,1.4850209235103032e-06,0.6543297789167252,0,0.01051070005632937,True,0.002
ISTA,202,0.007835620787991247,1.4850094230619594e-06,0.6543347625834238,0,0.010561899980530143,True,0.002
ISTA,203,0.007835620769121221,1.4849979227051217e-06,0.6543397462125116,0,0.010612200014293194,True,0.002
ISTA,204,0.007835620750251487,1.484986422433705e-06,0.6543447298039782,0,0.010662700049579144,True,0.002
ISTA,205,0.007835620731382045,1.4849749222549206e-06,0.6543497133578147,0,0.010712899966165423,True,0.002
ISTA,206,0.007835620712512894,1.4849634221664185e-06,0.6543546968740139,0,0.010763199999928474,True,0.002
ISTA,207,0.007835620693644036,1.484951922165622e-06,0.6543596803525688,0,0.010813600034452975,True,0.002
ISTA,208,0.007835620674775471,1.4849404222542582e-06,0.654364663793474,0,0.010865799966268241,True,0.002
ISTA,209,0.007835620655907198,1.4849289224246554e-06,0.6543696471967244,0,0.010915899998508394,True,0.002
ISTA,210,0.007835620637039218,1.484917422691841e-06,0.6543746305623158,0,0.010966100031509995,True,0.002
ISTA,211,0.007835620618171528,1.484905923047837e-06,0.6543796138902446,0,0.011016200063750148,True,0.002
ISTA,212,0.007835620599304132,1.4848944234935955e-06,0.6543845971805076,0,0.011066399980336428,True,0.002
ISTA,213,0.007835620580437026,1.4848829240254077e-06,0.6543895804331019,0,0.011116700014099479,True,0.002
ISTA,214,0.007835620561570215,1.4848714246439734e-06,0.6543945636480256,0,0.011166700045578182,True,0.002
ISTA,215,0.007835620542703694,1.4848599253591868e-06,0.6543995468252762,0,0.01121709996368736,True,0.002
ISTA,216,0.007835620523837468,1.4848484261577763e-06,0.6544045299648525,0,0.011269900016486645,True,0.002
ISTA,217,0.007835620504971533,1.4848369270494171e-06,0.6544095130667529,0,0.011320400051772594,True,0.002
ISTA,218,0.00783562048610589,1.484825428025438e-06,0.6544144961309762,0,0.011370599968358874,True,0.002
ISTA,219,0.007835620467240538,1.484813929090693e-06,0.6544194791575213,0,0.011421400005929172,True,0.002
ISTA,220,0.007835620448375479,1.4848024302455825e-06,0.6544244621463873,0,0.011471900041215122,True,0.002
ISTA,221,0.007835620429510711,1.4847909314903455e-06,0.6544294450975736,0,0.011531800031661987,True,0.002
ISTA,222,0.007835620410646237,1.4847794328298196e-06,0.6544344280110795,0,0.011583799961954355,True,0.002
ISTA,223,0.007835620391782056,1.4847679342504663e-06,0.6544394108869048,0,0.011643100064247847,True,0.002
ISTA,224,0.007835620372918167,1.4847564357662008e-06,0.654444393725049,0,0.011694499989971519,True,0.002
ISTA,225,0.007835620354054567,1.4847449373634735e-06,0.6544493765255117,0,0.01175080006942153,True,0.002
ISTA,226,0.007835620335191262,1.4847334390515375e-06,0.6544543592882928,0,0.011801999993622303,True,0.002
ISTA,227,0.007835620316328248,1.4847219408351517e-06,0.654459342013392,0,0.011852300027385354,True,0.002
ISTA,228,0.007835620297465528,1.4847104427006224e-06,0.6544643247008092,0,0.011902900063432753,True,0.002
ISTA,229,0.007835620278603099,1.484698944661837e-06,0.6544693073505444,0,0.011953199980780482,True,0.002
ISTA,230,0.007835620259740961,1.4846874467096499e-06,0.6544742899625977,0,0.012003600015304983,True,0.002
ISTA,231,0.007835620240879117,1.4846759488441866e-06,0.654479272536969,0,0.012054200051352382,True,0.002
ISTA,232,0.007835620222017562,1.484664451065452e-06,0.6544842550736584,0,0.012104499968700111,True,0.002
ISTA,233,0.007835620203156302,1.4846529533827294e-06,0.6544892375726659,0,0.01215510000474751,True,0.002
ISTA,234,0.007835620184295334,1.4846414557868454e-06,0.6544942200339915,0,0.012206900049932301,True,0.002
ISTA,235,0.007835620165434659,1.4846299582778897e-06,0.6544992024576357,0,0.012259399984031916,True,0.002
ISTA,236,0.007835620146574273,1.4846184608604216e-06,0.6545041848435983,0,0.012309900019317865,True,0.002
ISTA,237,0.007835620127714181,1.484606963525324e-06,0.6545091671918797,0,0.012360400054603815,True,0.002
ISTA,238,0.007835620108854382,1.4845954662863975e-06,0.6545141495024798,0,0.012410999974235892,True,0.002
ISTA,239,0.007835620089994872,1.4845839691344698e-06,0.6545191317753989,0,0.012461300007998943,True,0.002
ISTA,240,0.007835620071135658,1.4845724720741645e-06,0.6545241140106371,0,0.012511800043284893,True,0.002
ISTA,241,0.007835620052276735,1.4845609751008924e-06,0.6545290962081949,0,0.012561899959109724,True,0.002
ISTA,242,0.007835620033418101,1.4845494782147028e-06,0.6545340783680722,0,0.012612299993634224,True,0.002
ISTA,243,0.007835620014559763,1.4845379814201607e-06,0.6545390604902694,0,0.012664500041864812,True,0.002
ISTA,244,0.007835619995701714,1.4845264847126784e-06,0.6545440425747866,0,0.01272250001784414,True,0.002
ISTA,245,0.00783561997684396,1.4845149880923305e-06,0.654549024621624,0,0.01277310005389154,True,0.002
ISTA,246,0.007835619957986496,1.4845034915636413e-06,0.654554006630782,0,0.012823699973523617,True,0.002
ISTA,247,0.007835619939129327,1.4844919951220634e-06,0.6545589886022606,0,0.01287660002708435,True,0.002
ISTA,248,0.007835619920272447,1.4844804987767948e-06,0.6545639705360603,0,0.012928999960422516,True,0.002
ISTA,249,0.007835619901415859,1.484469002514027e-06,0.654568952432181,0,0.012979699997231364,True,0.002
ISTA,250,0.007835619882559564,1.4844575063383877e-06,0.6545739342906233,0,0.013029900030232966,True,0.002
FISTA,1,0.019481620894435413,0.022622850167669878,0.9359245148097088,13,6.0999998822808266e-05,True,0.002
FISTA,2,0.015863983163258058,0.014993895603553171,0.901869234634335,22,0.0001235000090673566,True,0.002
FISTA,3,0.01378817532996303,0.010353055036435745,0.8720934298145182,25,0.00018360000103712082,True,0.002
FISTA,4,0.012516723301024858,0.007881121718738227,0.8455258277408328,22,0.00024229998234659433,True,0.002
FISTA,5,0.0116153290701847,0.006345566239375407,0.8212399971142639,19,0.0003038999857380986,True,0.002
FISTA,6,0.010921950669025418,0.0053199221674496535,0.7987271371311194,19,0.00036069995258003473,True,0.002
FISTA,7,0.010373557479781173,0.004634344326065069,0.7777038001403894,17,0.00041729991789907217,True,0.002
FISTA,8,0.009926925703533773,0.004033859777885995,0.7580965524261501,15,0.00047450000420212746,True,0.002
FISTA,9,0.009541359266706302,0.00370418756713178,0.740007615106127,11,0.0005309999687597156,True,0.002
FISTA,10,0.00918885494723517,0.0033208315578941733,0.7235107229817864,10,0.0005865999264642596,True,0.002
FISTA,11,0.00888287920145617,0.0029091460443560033,0.7086144869462608,9,0.0006427000043913722,True,0.002
FISTA,12,0.008630183761922417,0.002561096455832956,0.6953913378715588,8,0.0006992999697104096,True,0.002
FISTA,13,0.008425794469842141,0.0023180668814329034,0.6840091495261572,7,0.0007545999251306057,True,0.002
FISTA,14,0.008243917636283913,0.0020871046434922246,0.674457667426219,5,0.0008097999962046742,True,0.002
FISTA,15,0.008087636383155296,0.0018374258336212718,0.6667079745391428,1,0.0008647999493405223,True,0.002
FISTA,16,0.00796265802089222,0.0015311838527231492,0.6607066537860432,0,0.0009195000166073442,True,0.002
FISTA,17,0.007874934911905995,0.0011620875916651075,0.6563412178480543,0,0.0009735999628901482,True,0.002
FISTA,18,0.007842385919923655,0.0005146174136419952,0.6533902812469293,0,0.0010276999091729522,True,0.002
FISTA,19,0.007850165413261775,0.0007095345411254159,0.6515515679037939,0,0.001081799971871078,True,0.002
FISTA,20,0.007865030284408252,0.0009978905321616602,0.6506107942116502,0,0.0011369999265298247,True,0.002
FISTA,21,0.007872320116473456,0.0011001617074031772,0.6502909748399532,0,0.001190899987705052,True,0.002
FISTA,22,0.007869991810646893,0.0010347603681692902,0.650403335313332,0,0.0012445999309420586,True,0.002
FISTA,23,0.007860662230200618,0.0008875032275480227,0.6508325027194742,0,0.001298599992878735,True,0.002
FISTA,24,0.00784915188068741,0.000655208921322135,0.651499714513778,0,0.0013543999521061778,True,0.002
FISTA,25,0.007840301211433866,0.0003872870648345781,0.6523136815937769,0,0.001408300013281405,True,0.002
FISTA,26,0.00783612611473267,0.0001300589566287969,0.6531643478420367,0,0.0014622999588027596,True,0.002
FISTA,27,0.007835942370825123,0.00010060462374655538,0.6539370202674536,0,0.0015169999096542597,True,0.002
FISTA,28,0.00783769309826873,0.00025410156887004993,0.6545369786783921,0,0.0015712999738752842,True,0.002
FISTA,29,0.007839380333123489,0.00034158482846080357,0.6549097588734633,0,0.0016256999224424362,True,0.002
FISTA,30,0.007839927729635158,0.00036388380819080677,0.6550484203301601,0,0.001679799985140562,True,0.002
FISTA,31,0.007839282484019989,0.0003332628535371538,0.6549861203170432,0,0.0017336999299004674,True,0.002
FISTA,32,0.007838001690610143,0.00026693350430604854,0.6547805290734477,0,0.0017877999925985932,True,0.002
FISTA,33,0.007836740652661852,0.00018307725723146206,0.6544970654017926,0,0.0018436999525874853,True,0.002
FISTA,34,0.007835916586172935,9.970160229600098e-05,0.6541958234731072,0,0.0018979000160470605,True,0.002
FISTA,35,0.007835634744222665,2.2966638878361205e-05,0.6539239948288276,0,0.0019523999653756618,True,0.002
FISTA,36,0.007835770791825236,6.91729175431093e-05,0.6537141106365949,0,0.002006499911658466,True,0.002
FISTA,37,0.007836036240434763,0.00011372279855909494,0.6535855672488357,0,0.0020622999873012304,True,0.002
FISTA,38,0.007836215601621037,0.00013545561266168176,0.6535429922910028,0,0.002116299932822585,True,0.002
FISTA,39,0.007836220087441646,0.000135569681953239,0.6535804567930061,0,0.0021702999947592616,True,0.002
FISTA,40,0.007836079111238865,0.00011831734576610815,0.6536843636071147,0,0.0022249999456107616,True,0.002
FISTA,41,0.007835882954329434,8.939817986931106e-05,0.6538361731415054,0,0.002279300009831786,True,0.002
FISTA,42,0.007835719649816436,5.501055666986765e-05,0.6540150582552461,0,0.00233339995611459,True,0.002
FISTA,43,0.007835635655441188,2.2055097581655675e-05,0.6542005042739516,0,0.0023874000180512667,True,0.002
FISTA,44,0.007835628891158616,1.703181895927174e-05,0.6543746876164694,0,0.002443399978801608,True,0.002
FISTA,45,0.00783566576535338,3.757365861243005e-05,0.6545243423017231,0,0.0024969999212771654,True,0.002
FISTA,46,0.007835706416273179,5.142684112891981e-05,0.6546418377323777,0,0.0025507999816909432,True,0.002
FISTA,47,0.007835724265313405,5.644863499739844e-05,0.6547253318353357,0,0.0026048999279737473,True,0.002
FISTA,48,0.007835713170343758,5.340430404807181e-05,0.6547780607103016,0,0.002658699988387525,True,0.002
FISTA,49,0.007835683145009506,4.4095558659425114e-05,0.6548069979462373,0,0.0027123999316245317,True,0.002
FISTA,50,0.007835650319148074,3.085386967228233e-05,0.6548212083854504,0,0.002765999990515411,True,0.002
FISTA,51,0.007835627493260059,1.6218052523119022e-05,0.6548302186537784,0,0.0028201999375596642,True,0.002
FISTA,52,0.007835619303944226,4.379093276703112e-06,0.6548426522507145,0,0.0028744000010192394,True,0.002
FISTA,53,0.007835622663894799,1.1292395404082028e-05,0.6548652698287046,0,0.002928699948824942,True,0.002
FISTA,54,0.007835630571301834,1.9378703040640966e-05,0.6549024528327612,0,0.0029826000100001693,True,0.002
FISTA,55,0.0078356364851659,2.3746654448859417e-05,0.65495609369605,0,0.003036599955521524,True,0.002
FISTA,56,0.007835637104647075,2.432007241867891e-05,0.6550258137986367,0,0.003091299906373024,True,0.002
FISTA,57,0.007835632799133177,2.1653942265960594e-05,0.6551094146370235,0,0.0031452999683097005,True,0.002
FISTA,58,0.007835626237873036,1.6652544180480126e-05,0.6552034671472813,0,0.00320009991992265,True,0.002
FISTA,59,0.007835620411042299,1.039161829638726e-05,0.6553039502581827,0,0.0032543999841436744,True,0.002
FISTA,60,0.007835617134654861,4.071066460322126e-06,0.6554068589600286,0,0.0033097999403253198,True,0.002
FISTA,61,0.007835616567796312,2.8514875286638826e-06,0.6555087149186195,0,0.0033639000030234456,True,0.002
FISTA,62,0.007835617643604837,7.082720898828377e-06,0.6556069305147136,0,0.003418099950067699,True,0.002
FISTA,63,0.00783561892981154,9.944885475891486e-06,0.655700000201594,0,0.0034741999115794897,True,0.002
FISTA,64,0.007835619390268686,1.1072740734237526e-05,0.6557875187618272,0,0.0035285999765619636,True,0.002
FISTA,65,0.007835618729323982,1.059141262077576e-05,0.655870050107423,0,0.003584599937312305,True,0.002
FISTA,66,0.007835617290818692,8.837273243142788e-06,0.6559488882882748,0,0.00363880000077188,True,0.002
FISTA,67,0.007835615696033573,6.273619208807543e-06,0.6560257614609039,0,0.003692899947054684,True,0.002
FISTA,68,0.007835614467233161,3.4560720187560952e-06,0.6561025291961841,0,0.0037472000112757087,True,0.002
FISTA,69,0.007835613813747524,1.5068017078208317e-06,0.6561809153463529,0,0.0038044999819248915,True,0.002
FISTA,70,0.007835613628478628,2.6583377308118196e-06,0.6562623057501032,0,0.003861399949528277,True,0.002
FISTA,71,0.007835613631577197,4.215917449168013e-06,0.6563476255729428,0,0.003916100016795099,True,0.002
FISTA,72,0.007835613550044786,5.1029405477352285e-06,0.656437297695124,0,0.003970299963839352,True,0.002
FISTA,73,0.007835613239677615,5.23956665845471e-06,0.6565312729109752,0,0.004024599911645055,True,0.002
FISTA,74,0.007835612710863011,4.725567690225833e-06,0.6566291154708316,0,0.004078699974343181,True,0.002
FISTA,75,0.0078356120756149,3.7550047517227025e-06,0.6567301236795341,0,0.004132899921387434,True,0.002
FISTA,76,0.007835611464097475,2.596254841560296e-06,0.6568334644985695,0,0.004186699981801212,True,0.002
FISTA,77,0.007835610958241012,1.660220856145313e-06,0.6569383028666741,0,0.004240599926561117,True,0.002
FISTA,78,0.007835610567779816,1.5630728879375957e-06,0.6570439101731036,0,0.004294499987736344,True,0.002
FISTA,79,0.007835610246901097,2.097400606524707e-06,0.6571497413406288,0,0.004348499933257699,True,0.002
FISTA,80,0.007835609931587387,2.581981055199098e-06,0.6572554755840763,0,0.0044027999974787235,True,0.002
FISTA,81,0.007835609574227846,2.7912415120979567e-06,0.6573610213578919,0,0.004456699942238629,True,0.002
FISTA,82,0.007835609160370351,2.707661863593698e-06,0.6574664906065266,0,0.004510400001890957,True,0.002
FISTA,83,0.007835608705234288,2.398641877397222e-06,0.6575721506680905,0,0.004566499963402748,True,0.002
FISTA,84,0.00783560823762397,1.9842623422016156e-06,0.6576783637922574,0,0.004621199914254248,True,0.002
FISTA,85,0.007835607782398417,1.6253822512436404e-06,0.6577855242361458,0,0.004675299976952374,True,0.002
FISTA,86,0.007835607349996474,1.478307678620978e-06,0.6578940015586353,0,0.004729299922473729,True,0.002
FISTA,87,0.007835606935745698,1.5570993296316423e-06,0.658004096465462,0,0.004783599986694753,True,0.002
FISTA,88,0.007835606526373,1.7186066633846619e-06,0.6581160128436454,0,0.004837699932977557,True,0.002
FISTA,89,0.007835606108584536,1.834776264926033e-06,0.6582298469116294,0,0.004897199920378625,True,0.002
FISTA,90,0.007835605675145461,1.8552508066339695e-06,0.6583455920556089,0,0.004952699993737042,True,0.002
FISTA,91,0.00783560522638801,1.7861528366855063e-06,0.6584631561570469,0,0.005006899940781295,True,0.002
FISTA,92,0.0078356047677919,1.6669581588686377e-06,0.6585823871542725,0,0.00506120000500232,True,0.002
FISTA,93,0.007835604305902447,1.5513977492754442e-06,0.6587031022292683,0,0.005115599953569472,True,0.002
FISTA,94,0.00783560384495522,1.4844873639879095e-06,0.6588251162927227,0,0.005169600015506148,True,0.002
FISTA,95,0.007835603385558523,1.4790913892189537e-06,0.6589482662197674,0,0.005223799962550402,True,0.002
FISTA,96,0.007835602925441939,1.5130568209074434e-06,0.659072428392809,0,0.005277699907310307,True,0.002
FISTA,97,0.007835602461323686,1.5518381766923557e-06,0.6591975283503917,0,0.0053316999692469835,True,0.002
FISTA,98,0.007835601990708324,1.570959236759055e-06,0.6593235425450057,0,0.005385999917052686,True,0.002
FISTA,99,0.007835601512803237,1.5633564503651111e-06,0.6594504932302027,0,0.005440099979750812,True,0.002
FISTA,100,0.00783560102838438,1.5362997703992371e-06,0.659578438224893,0,0.0054957999382168055,True,0.002
FISTA,101,0.007835600538976325,1.5042214001772688e-06,0.6597074576897669,0,0.005550800007767975,True,0.002
FISTA,102,0.007835600045923362,1.4806583929331786e-06,0.6598376400995781,0,0.005606699967756867,True,0.002
FISTA,103,0.00783559954981272,1.47206523729711e-06,0.6599690693526435,0,0.00566099991556257,True,0.002
FISTA,104,0.007835599050415561,1.476278519086999e-06,0.6601018145036811,0,0.005716499988920987,True,0.002
FISTA,105,0.007835598547024295,1.4858757678294506e-06,0.6602359230317488,0,0.00577069993596524,True,0.002
FISTA,106,0.007835598038916198,1.4933203181015556e-06,0.6603714179552547,0,0.005824899999424815,True,0.002
FISTA,107,0.007835597525692212,1.4945102688439087e-06,0.660508298561951,0,0.005880999960936606,True,0.002
FISTA,108,0.00783559700736943,1.4895736794648153e-06,0.6606465440939765,0,0.005935299908742309,True,0.002
FISTA,109,0.007835596484254602,1.481552539402623e-06,0.6607861194520244,0,0.005989499972201884,True,0.002
FISTA,110,0.007835595956719664,1.4741928307553916e-06,0.6609269818694631,0,0.006043999921530485,True,0.002
FISTA,111,0.007835595425011223,1.470007327077203e-06,0.6610690875455051,0,0.006097999983467162,True,0.002
FISTA,112,0.007835594889172693,1.4694128625983766e-06,0.6612123973880073,0,0.006152399932034314,True,0.002
FISTA,113,0.007835594349083158,1.4710970595780943e-06,0.6613568812618332,0,0.00620639999397099,True,0.002
FISTA,114,0.007835593804561754,1.4731159956800614e-06,0.6615025204239189,0,0.006260699941776693,True,0.002
FISTA,115,0.007835593255470551,1.4739772908440838e-06,0.661649308108818,0,0.006315100006759167,True,0.002
FISTA,116,0.007835592701768517,1.473195062897408e-06,0.6617972484726947,0,0.006369199953041971,True,0.002
FISTA,117,0.007835592143505361,1.4712200712692388e-06,0.661946354283888,0,0.006423300015740097,True,0.002
FISTA,118,0.007835591580775052,1.4689618762181491e-06,0.662096643850758,0,0.006477299961261451,True,0.002
FISTA,119,0.007835591013661967,1.4672345541240851e-06,0.6622481377010878,0,0.006531799910590053,True,0.002
FISTA,120,0.00783559044220675,1.4663999499774629e-06,0.6624008554808402,0,0.006585999974049628,True,0.002
FISTA,121,0.007835589866402197,1.466320798612696e-06,0.6625548134402827,0,0.0066408999264240265,True,0.002
FISTA,122,0.007835589286212584,1.4665613860937703e-06,0.6627100227434362,0,0.006697300006635487,True,0.002
FISTA,123,0.007835588701600922,1.4666722357312893e-06,0.6628664886944425,0,0.00675159995444119,True,0.002
FISTA,124,0.007835588112549176,1.4664011761586648e-06,0.6630242108417095,0,0.006805900018662214,True,0.002
FISTA,125,0.007835587519064057,1.4657533226352545e-06,0.6631831838131775,0,0.006859999964945018,True,0.002
FISTA,126,0.007835586921169724,1.4649151425355675e-06,0.6633433986637677,0,0.00691449991427362,True,0.002
FISTA,127,0.007835586318894435,1.464115897779644e-06,0.6635048444829411,0,0.006968799978494644,True,0.002
FISTA,128,0.007835585712259056,1.4635079164541792e-06,0.6636675100147095,0,0.0070235999301075935,True,0.002
FISTA,129,0.00783558510127225,1.4631160254362027e-06,0.6638313850781319,0,0.0070798000087961555,True,0.002
FISTA,130,0.007835584485932702,1.4628605912796842e-06,0.6639964616340616,0,0.007134099956601858,True,0.002
FISTA,131,0.0078355838662354,1.4626230079145537e-06,0.6641627344129042,0,0.007188699906691909,True,0.002
FISTA,132,0.007835583242177918,1.4623112309824617e-06,0.6643302010878467,0,0.007244199980050325,True,0.002
FISTA,133,0.00783558261376375,1.4618947830263234e-06,0.6644988620392805,0,0.007298899930901825,True,0.002
FISTA,134,0.00783558198100201,1.461401448179554e-06,0.6646687198023316,0,0.007353099994361401,True,0.002
FISTA,135,0.007835581343904585,1.4608878416387879e-06,0.6648397783167564,0,0.007407499942928553,True,0.002
FISTA,136,0.007835580702482832,1.4604047615545722e-06,0.6650120421062756,0,0.007461500004865229,True,0.002
FISTA,137,0.007835580056745445,1.4599748685094167e-06,0.6651855155045532,0,0.0075156999519094825,True,0.002
FISTA,138,0.007835579406698162,1.4595896754684303e-06,0.6653602020214568,0,0.007570000016130507,True,0.002
FISTA,139,0.007835578752344963,1.4592219189156355e-06,0.6655361039110159,0,0.007624399964697659,True,0.002
FISTA,140,0.007835578093689765,1.4588432956830746e-06,0.6657132219671209,0,0.007678799913264811,True,0.002
FISTA,141,0.007835577430737683,1.4584378145167615e-06,0.6658915555395398,0,0.007734799990430474,True,0.002
FISTA,142,0.00783557676349543,1.458005749558208e-06,0.6660711027353043,0,0.007789099938236177,True,0.002
FISTA,143,0.007835576091970844,1.4575589432176204e-06,0.6662518607516336,0,0.007845300016924739,True,0.002
FISTA,144,0.007835575416172066,1.4571120246957967e-06,0.6664338262774835,0,0.007900299970060587,True,0.002
FISTA,145,0.007835574736106802,1.4566747545555827e-06,0.6666169959012441,0,0.007954399916343391,True,0.002
FISTA,146,0.007835574051782007,1.4562487507595554e-06,0.666801366470596,0,0.008009199984371662,True,0.002
FISTA,147,0.007835573363204033,1.455828918216357e-06,0.6669869353647763,0,0.008063699933700264,True,0.002
FISTA,148,0.00783557267037902,1.4554076243742499e-06,0.6671737006568059,0,0.008117899997159839,True,0.002
FISTA,149,0.007835571973313304,1.4549789202483427e-06,0.6673616611608707,0,0.00817229994572699,True,0.002
FISTA,150,0.007835571272013628,1.4545408258874313e-06,0.667550816375716,0,0.008226400008425117,True,0.002
FISTA,151,0.007835570566487137,1.4540951439236922e-06,0.667741166346833,0,0.00828049995470792,True,0.002
FISTA,152,0.007835569856741173,1.4536455637717793e-06,0.6679327114774147,0,0.008335799910128117,True,0.002
FISTA,153,0.00783556914278309,1.4531954068779911e-06,0.6681254523202907,0,0.00839029997587204,True,0.002
FISTA,154,0.007835568424620094,1.452746161940976e-06,0.6683193893807546,0,0.008444699924439192,True,0.002
FISTA,155,0.007835567702259228,1.4522972770946233e-06,0.668514522954359,0,0.008499299990944564,True,0.002
FISTA,156,0.007835566975707453,1.4518469629854567e-06,0.6687108530156335,0,0.008553599938750267,True,0.002
FISTA,157,0.007835566244971757,1.4513933561682455e-06,0.6689083791646978,0,0.008608000003732741,True,0.002
FISTA,158,0.007835565510059237,1.4509354018273351e-06,0.6691071006301664,0,0.008662599953822792,True,0.002
FISTA,159,0.007835564770977124,1.4504731201648464e-06,0.6693070163196524,0,0.008717200020328164,True,0.002
FISTA,160,0.00783556402773276,1.450007299644563e-06,0.6695081249042613,0,0.008771899971179664,True,0.002
FISTA,161,0.007835563280333536,1.4495389159381255e-06,0.6697104249210437,0,0.008828099933452904,True,0.002
FISTA,162,0.007835562528786841,1.4490686219890698e-06,0.6699139148774067,0,0.008882499998435378,True,0.002
FISTA,163,0.007835561773100054,1.4485965277931076e-06,0.6701185933435787,0,0.00893679994624108,True,0.002
FISTA,164,0.007835561013280538,1.4481222939565857e-06,0.6703244590228361,0,0.008992799906991422,True,0.002
FISTA,165,0.007835560249335677,1.447645410166755e-06,0.6705315107936028,0,0.009047899977304041,True,0.002
FISTA,166,0.0078355594812729,1.4471654784750498e-06,0.6707397477220735,0,0.009102399926632643,True,0.002
FISTA,167,0.007835558709099693,1.4466823677290378e-06,0.67094916904804,0,0.009157199994660914,True,0.002
FISTA,168,0.007835557932823601,1.446196201948625e-06,0.6711597741497072,0,0.009211799944750965,True,0.002
FISTA,169,0.007835557152452216,1.445707232902037e-06,0.6713715624951614,0,0.00926610000897199,True,0.002
FISTA,170,0.007835556367993154,1.4452156876968699e-06,0.6715845335887783,0,0.00932069995906204,True,0.002
FISTA,171,0.007835555579454062,1.4447216691937792e-06,0.67179868692029,0,0.00937529990915209,True,0.002
FISTA,172,0.007835554786842605,1.444225141551999e-06,0.6720140219227597,0,0.009429799974896014,True,0.002
FISTA,173,0.007835553990166472,1.4437259845271576e-06,0.6722305379436336,0,0.009484299924224615,True,0.002
FISTA,174,0.007835553189433384,1.4432240727559806e-06,0.6724482342307233,0,0.009539399994537234,True,0.002
FISTA,175,0.007835552384651103,1.442719336098048e-06,0.6726671099327559,0,0.00959469994995743,True,0.002
FISTA,176,0.007835551575827434,1.442211778068253e-06,0.6728871641122911,0,0.009650499909184873,True,0.002
FISTA,177,0.007835550762970215,1.4417014548870174e-06,0.6731083957675055,0,0.009705799981020391,True,0.002
FISTA,178,0.007835549946087324,1.4411884356959468e-06,0.6733308038587085,0,0.009760499931871891,True,0.002
FISTA,179,0.007835549125186664,1.4406727674100673e-06,0.673554387335442,0,0.00981570000294596,True,0.002
FISTA,180,0.007835548300276175,1.4401544594937792e-06,0.6737791451605433,0,0.009875099989585578,True,0.002
FISTA,181,0.007835547471363826,1.4396334903310102e-06,0.6740050763284748,0,0.009929799940437078,True,0.002
FISTA,182,0.007835546638457614,1.4391098265096949e-06,0.6742321798763696,0,0.009984800009988248,True,0.002
FISTA,183,0.007835545801565572,1.438583442397453e-06,0.6744604548874097,0,0.010039399960078299,True,0.002
FISTA,184,0.007835544960695775,1.4380543309271163e-06,0.6746899004872149,0,0.010093699907884002,True,0.002
FISTA,185,0.00783554411585632,1.4375225027840617e-06,0.6749205158347267,0,0.010167800006456673,True,0.002
FISTA,186,0.007835543267055345,1.4369879775565757e-06,0.6751523001095763,0,0.010226599988527596,True,0.002
FISTA,187,0.007835542414301027,1.4364507731323482e-06,0.675385252498093,0,0.01028209994547069,True,0.002
FISTA,188,0.007835541557601565,1.435910898683964e-06,0.6756193721799715,0,0.010337400017306209,True,0.002
FISTA,189,0.007835540696965196,1.4353683536971557e-06,0.67585465831724,0,0.01039199996739626,True,0.002
FISTA,190,0.007835539832400188,1.4348231317302745e-06,0.6760911100466309,0,0.01044659991748631,True,0.002
FISTA,191,0.007835538963914842,1.434275226007009e-06,0.6763287264758523,0,0.010501099983230233,True,0.002
FISTA,192,0.007835538091517491,1.4337246336497052e-06,0.6765675066836808,0,0.010555699933320284,True,0.002
FISTA,193,0.007835537215216503,1.433171356967668e-06,0.6768074497233079,0,0.010617999942041934,True,0.002
FISTA,194,0.007835536335020281,1.432615402025557e-06,0.6770485546280288,0,0.010673000011593103,True,0.002
FISTA,195,0.007835535450937254,1.4320567757859378e-06,0.6772908204181968,0,0.010727599961683154,True,0.002
FISTA,196,0.007835534562975893,1.431495483638775e-06,0.677534246108347,0,0.01078289991710335,True,0.002
FISTA,197,0.007835533671144692,1.4309315283385325e-06,0.6777788307135404,0,0.010837699985131621,True,0.002
FISTA,198,0.007835532775452183,1.4303649104297386e-06,0.6780245732542088,0,0.010891999932937324,True,0.002
FISTA,199,0.007835531875906928,1.4297956296298702e-06,0.6782714727590899,0,0.010946800000965595,True,0.002
FISTA,200,0.007835530972517525,1.4292236862342543e-06,0.6785195282661401,0,0.011001499951817095,True,0.002
FISTA,201,0.0078355300652926,1.4286490818539109e-06,0.6787687388216017,0,0.011056100018322468,True,0.002
FISTA,202,0.00783552915424081,1.4280718193918729e-06,0.6790191034776077,0,0.011110199964605272,True,0.002
FISTA,203,0.007835528239370853,1.4274919023880624e-06,0.6792706212888514,0,0.011164899915456772,True,0.002
FISTA,204,0.007835527320691447,1.4269093342630129e-06,0.6795232913088841,0,0.011219699983485043,True,0.002
FISTA,205,0.007835526398211352,1.4263241178274501e-06,0.679777112586581,0,0.011274199932813644,True,0.002
FISTA,206,0.007835525471939355,1.425736255212563e-06,0.680032084163208,0,0.011329100001603365,True,0.002
FISTA,207,0.007835524541884274,1.4251457480989748e-06,0.6802882050703868,0,0.011383799952454865,True,0.002
FISTA,208,0.00783552360805496,1.424552598197622e-06,0.6805454743290917,0,0.011440199916251004,True,0.002
FISTA,209,0.007835522670460296,1.4239568074726418e-06,0.6808038909496635,0,0.011494799982756376,True,0.002
FISTA,210,0.007835521729109198,1.42335837829339e-06,0.6810634539326873,0,0.011549199931323528,True,0.002
FISTA,211,0.007835520784010612,1.4227573133019977e-06,0.6813241622704984,0,0.0116037999978289,True,0.002
FISTA,212,0.007835519835173511,1.4221536152122365e-06,0.6815860149490296,0,0.0116584999486804,True,0.002
FISTA,213,0.007835518882606906,1.4215472866392738e-06,0.6818490109497068,0,0.011713000014424324,True,0.002
FISTA,214,0.007835517926319837,1.420938329994898e-06,0.6821131492511414,0,0.011767599964514375,True,0.002
FISTA,215,0.00783551696632137,1.4203267475719267e-06,0.682378428830426,0,0.011822299915365875,True,0.002
FISTA,216,0.007835516002620611,1.4197125415819978e-06,0.6826448486639216,0,0.011879199999384582,True,0.002
FISTA,217,0.007835515035226689,1.4190957143080585e-06,0.6829124077275069,0,0.011933899950236082,True,0.002
FISTA,218,0.007835514064148771,1.418476268117085e-06,0.6831811049963328,0,0.011988300015218556,True,0.002
FISTA,219,0.007835513089396045,1.4178542055044397e-06,0.6834509394441853,0,0.012042699963785708,True,0.002
FISTA,220,0.007835512110977737,1.4172295289943592e-06,0.6837219100425973,0,0.01209699991159141,True,0.002
FISTA,221,0.007835511128903102,1.4166022411352183e-06,0.6839940157598583,0,0.012151499977335334,True,0.002
FISTA,222,0.007835510143181424,1.415972344424381e-06,0.6842672555600675,0,0.012206299928948283,True,0.002
FISTA,223,0.007835509153822017,1.415339841316548e-06,0.6845416284023474,0,0.012261099996976554,True,0.002
FISTA,224,0.007835508160834228,1.4147047342499747e-06,0.6848171332402961,0,0.012315699947066605,True,0.002
FISTA,225,0.007835507164227429,1.4140670256668645e-06,0.6850937690217176,0,0.012370100012049079,True,0.002
FISTA,226,0.007835506164011028,1.4134267180454186e-06,0.685371534688623,0,0.01242459996137768,True,0.002
FISTA,227,0.007835505160194458,1.412783813890944e-06,0.6856504291774662,0,0.01247929991222918,True,0.002
FISTA,228,0.007835504152787184,1.4121383157527747e-06,0.6859304514195481,0,0.012533799977973104,True,0.002
FISTA,229,0.0078355031417987,1.411490226177926e-06,0.6862116003415132,0,0.012588399928063154,True,0.002
FISTA,230,0.00783550212723853,1.410839547726232e-06,0.6864938748658609,0,0.012643199996091425,True,0.002
FISTA,231,0.007835501109116223,1.4101862829404171e-06,0.6867772739114018,0,0.012697899946942925,True,0.002
FISTA,232,0.007835500087441365,1.4095304343748325e-06,0.687061796393608,0,0.012752800015732646,True,0.002
FISTA,233,0.007835499062223566,1.4088720045695173e-06,0.687347441224828,0,0.012807099963538349,True,0.002
FISTA,234,0.007835498033472466,1.4082109961053476e-06,0.6876342073143549,0,0.0128616999136284,True,0.002
FISTA,235,0.007835497001197733,1.4075474115541057e-06,0.687922093568362,0,0.012915899977087975,True,0.002
FISTA,236,0.007835495965409067,1.4068812535066933e-06,0.6882110988897333,0,0.012970499927178025,True,0.002
FISTA,237,0.007835494926116193,1.4062125245874342e-06,0.6885012221778251,0,0.013025099993683398,True,0.002
FISTA,238,0.007835493883328867,1.4055412274025758e-06,0.6887924623281995,0,0.01307949994225055,True,0.002
FISTA,239,0.00783549283705687,1.404867364578787e-06,0.6890848182323709,0,0.013134100008755922,True,0.002
FISTA,240,0.007835491787310018,1.4041909387452395e-06,0.6893782887775941,0,0.013188599958084524,True,0.002
FISTA,241,0.007835490734098146,1.4035119525391974e-06,0.6896728728467181,0,0.013243199908174574,True,0.002
FISTA,242,0.007835489677431126,1.4028304086078773e-06,0.6899685693181136,0,0.013298199977725744,True,0.002
FISTA,243,0.007835488617318854,1.4021463096033852e-06,0.6902653770656758,0,0.013352999929338694,True,0.002
FISTA,244,0.007835487553771253,1.401459658189424e-06,0.6905632949588898,0,0.013407499995082617,True,0.002
FISTA,245,0.007835486486798274,1.4007704570531374e-06,0.6908623218629406,0,0.013462299946695566,True,0.002
FISTA,246,0.007835485416409898,1.4000787088746265e-06,0.6911624566388509,0,0.013516500010155141,True,0.002
FISTA,247,0.00783548434261613,1.3993844163545495e-06,0.6914636981436206,0,0.013570999959483743,True,0.002
FISTA,248,0.007835483265427007,1.3986875821965395e-06,0.6917660452303535,0,0.013626299914903939,True,0.002
FISTA,249,0.007835482184852586,1.3979882091033273e-06,0.6920694967483534,0,0.013680899981409311,True,0.002
FISTA,250,0.00783548110090296,1.3972862998122969e-06,0.6923740515431857,0,0.013735399930737913,True,0.002
