method,epoch,train_objective,test_objective,test_accuracy,full_gradient_norm,sample_gradients_used,seconds,stress
full_gradient,1,0.6665042107635838,0.7042862010997226,0.5166666666666667,0.6118293853859417,240,0.00018370000179857016,True
full_gradient,2,0.6664002380272389,0.7057713596168713,0.5166666666666667,0.35044553298084535,480,0.00030690000858157873,True
full_gradient,3,0.6663523983014966,0.7059230722912384,0.5166666666666667,0.34429941630475375,720,0.00042099994607269764,True
full_gradient,4,0.6663055220558726,0.7058966124830318,0.5166666666666667,0.34414642971387827,960,0.0005281999474391341,True
full_gradient,5,0.6662586741707309,0.70584594090171,0.5166666666666667,0.34410443409622676,1200,0.000635799951851368,True
full_gradient,6,0.6662118374717519,0.7057919809591566,0.5166666666666667,0.34406450308975706,1440,0.0007438999600708485,True
full_gradient,7,0.6661650116376964,0.7057375835769986,0.5166666666666667,0.34402461545309654,1680,0.0008492999477311969,True
full_gradient,8,0.6661181966599959,0.7056831373536462,0.5166666666666667,0.34398473364165777,1920,0.0009543999331071973,True
full_gradient,9,0.6660713925358901,0.7056286952595123,0.5166666666666667,0.34394485696004873,2160,0.001058699912391603,True
full_gradient,10,0.6660245992627262,0.7055742645131554,0.5166666666666667,0.3439049853959011,2400,0.0011632000096142292,True
full_gradient,11,0.665977816837854,0.705519846096124,0.5166666666666667,0.34386511894927896,2640,0.0012669999850913882,True
full_gradient,12,0.6659310452586235,0.7054654401396945,0.5166666666666667,0.34382525762044064,2880,0.00137339998036623,True
full_gradient,13,0.6658842845223855,0.7054110466592243,0.5166666666666667,0.3437854014096428,3120,0.0014779999619349837,True
full_gradient,14,0.6658375346264906,0.705356665654267,0.5166666666666667,0.34374555031714044,3360,0.0015838999534025788,True
full_gradient,15,0.6657907955682907,0.7053022971222225,0.5166666666666667,0.34370570434318765,3600,0.0016880999319255352,True
full_gradient,16,0.665744067345137,0.7052479410601965,0.5166666666666667,0.34366586348803785,3840,0.0017923000268638134,True
full_gradient,17,0.6656973499543822,0.7051935974652551,0.5166666666666667,0.3436260277519436,4080,0.0018962000031024218,True
full_gradient,18,0.6656506433933789,0.7051392663344601,0.5166666666666667,0.3435861971351569,4320,0.002000299980863929,True
full_gradient,19,0.6656039476594799,0.7050849476648717,0.5166666666666667,0.3435463716379288,4560,0.0021039999555796385,True
full_gradient,20,0.665557262750039,0.7050306414535514,0.5166666666666667,0.3435065512605095,4800,0.002217700006440282,True
full_gradient,21,0.6655105886624099,0.7049763476975602,0.5166666666666667,0.34346673600314886,5040,0.002330099930986762,True
full_gradient,22,0.6654639253939465,0.7049220663939598,0.5166666666666667,0.3434269258660955,5280,0.002436899929307401,True
full_gradient,23,0.6654172729420044,0.7048677975398123,0.5166666666666667,0.3433871208495977,5520,0.0025414000265300274,True
full_gradient,24,0.6653706313039379,0.70481354113218,0.5166666666666667,0.34334732095390263,5760,0.002645400003530085,True
full_gradient,25,0.665324000477103,0.7047592971681257,0.5166666666666667,0.3433075261792569,6000,0.0027510999934747815,True
full_gradient,26,0.6652773804588559,0.7047050656447125,0.5166666666666667,0.3432677365259064,6240,0.002855299971997738,True
full_gradient,27,0.6652307712465522,0.7046508465590035,0.5166666666666667,0.343227951994096,6480,0.0029606999596580863,True
full_gradient,28,0.6651841728375494,0.7045966399080625,0.5166666666666667,0.3431881725840703,6720,0.003064699936658144,True
full_gradient,29,0.6651375852292044,0.704542445688954,0.5166666666666667,0.3431483982960726,6960,0.003170599928125739,True
full_gradient,30,0.6650910084188749,0.7044882638987419,0.5166666666666667,0.3431086291303458,7200,0.0032748000230640173,True
full_gradient,31,0.665044442403919,0.7044340945344911,0.5166666666666667,0.3430688650871319,7440,0.0033789000008255243,True
full_gradient,32,0.6649978871816952,0.7043799375932667,0.5166666666666667,0.3430291061666722,7680,0.003482899977825582,True
full_gradient,33,0.6649513427495622,0.7043257930721344,0.5166666666666667,0.34298935236920736,7920,0.0035865999525412917,True
full_gradient,34,0.6649048091048796,0.7042716609681597,0.5166666666666667,0.342949603694977,8160,0.003693099948577583,True
full_gradient,35,0.664858286245007,0.7042175412784087,0.5166666666666667,0.34290986014422015,8400,0.003796999924816191,True
full_gradient,36,0.6648117741673044,0.7041634339999482,0.5166666666666667,0.3428701217171753,8640,0.003900500014424324,True
full_gradient,37,0.6647652728691325,0.7041093391298446,0.5166666666666667,0.34283038841407976,8880,0.004004299989901483,True
full_gradient,38,0.6647187823478522,0.7040552566651654,0.5166666666666667,0.3427906602351704,9120,0.004107999964617193,True
full_gradient,39,0.6646723026008251,0.7040011866029781,0.5166666666666667,0.34275093718068333,9360,0.004211499937810004,True
full_gradient,40,0.6646258336254127,0.7039471289403504,0.5166666666666667,0.3427112192508537,9600,0.00440029997844249,True
SGD,1,0.6596570652423627,0.7512512079276211,0.6,18.826224965703293,240,0.0022213999181985855,True
SGD,2,22.537174926442912,30.113954999561553,0.5166666666666667,28.966308713653035,480,0.004403600003570318,True
SGD,3,23.212672804751485,31.014913599538307,0.5166666666666667,28.95686412246811,720,0.006606100010685623,True
SGD,4,4.407987471031313,5.77050209331935,0.525,28.2813543811282,960,0.008814199944026768,True
SGD,5,46.5359041193716,39.532278374223004,0.48333333333333334,51.90247994446687,1200,0.011009500012733042,True
SGD,6,8.440073743078775,7.022111064203846,0.5,51.29449836308952,1440,0.013227000017650425,True
SGD,7,7.678433806742701,6.357524185550177,0.5,51.15674427956695,1680,0.015441099996678531,True
SGD,8,2.216249271834382,2.670905337337464,0.5666666666666667,26.048517472931188,1920,0.017727599944919348,True
SGD,9,33.3923480802534,28.288787505889747,0.48333333333333334,51.816037321208526,2160,0.019955799914896488,True
SGD,10,0.5675602381244558,0.5172048959291211,0.85,7.657049688948456,2400,0.022159599931910634,True
SGD,11,7.165361204258267,9.402720446679709,0.525,28.48616534976585,2640,0.024393299943767488,True
SGD,12,4.2280750752452105,5.377276981653534,0.5333333333333333,27.694960179739983,2880,0.026603000005707145,True
SGD,13,12.0591739863955,15.982437800745329,0.5166666666666667,28.78756552146602,3120,0.028801999986171722,True
SGD,14,14.5105039755658,19.264328817201267,0.5166666666666667,28.83237163296685,3360,0.031206600018776953,True
SGD,15,9.726163279911708,8.07225646904302,0.5,51.20730073099476,3600,0.033448099973611534,True
SGD,16,0.6112737917727213,0.630503595378719,0.8416666666666667,3.6661433806852592,3840,0.03568859992083162,True
SGD,17,2.5252319657299664,2.1554866995664557,0.6333333333333333,45.07824577414178,4080,0.03789589996449649,True
SGD,18,4.398502578153011,5.579243769911501,0.5416666666666666,27.58023229922654,4320,0.0401177000021562,True
SGD,19,5.913079731016216,7.656526363684086,0.5333333333333333,28.06487572606801,4560,0.04233049997128546,True
SGD,20,7.968878986508428,6.580486814677783,0.5166666666666667,50.83044114529241,4800,0.04453750001266599,True
SGD,21,1.9818100474696863,2.2318250365502927,0.5916666666666667,24.557035469611453,5040,0.046782299992628396,True
SGD,22,1.2518928643663216,1.251450292511171,0.6666666666666666,20.63152343577141,5280,0.049104199977591634,True
SGD,23,21.9092213875275,18.452976904533717,0.49166666666666664,51.65347832517783,5520,0.05133950000163168,True
SGD,24,0.8182887701422361,0.7317790584765285,0.825,13.650122136102693,5760,0.053562099928967655,True
SGD,25,9.940267198507232,13.118101738762327,0.5166666666666667,28.6657474988548,6000,0.05578099994454533,True
SGD,26,5.459538675882705,4.488206658686544,0.5666666666666667,49.679942059263034,6240,0.058009899919852614,True
SGD,27,0.6392774047900676,0.639856320843618,0.8416666666666667,0.4826926773579962,6480,0.060235199984163046,True
SGD,28,7.812344051909767,6.442789081203996,0.525,50.74021302871899,6720,0.062478299951180816,True
SGD,29,3.697005594976023,4.582443379967683,0.5583333333333333,26.960061697232067,6960,0.06469899998046458,True
SGD,30,2.263558831621173,2.610454801699304,0.5833333333333334,25.131646667717465,7200,0.06702640000730753,True
SGD,31,0.8322984503854216,0.8607334820245023,0.7833333333333333,17.91939593511471,7440,0.06925009994301945,True
SGD,32,5.739884815624759,7.395580836459306,0.5333333333333333,27.93411535502759,7680,0.07145619997754693,True
SGD,33,0.7386767875875793,0.6649134619919714,0.8583333333333333,10.274623633865609,7920,0.07368519995361567,True
SGD,34,5.626944084029134,7.236702759899445,0.5333333333333333,27.900420254363734,8160,0.07592610002029687,True
SGD,35,10.235112224349779,8.47163068947882,0.5,51.20582911327692,8400,0.07815159996971488,True
SGD,36,0.9981130398294815,0.922568879410987,0.775,16.571511230137045,8640,0.08037979993969202,True
SGD,37,1.2236504250321232,1.182203159593019,0.7583333333333333,28.980553273971847,8880,0.08257630001753569,True
SGD,38,1.2318921792693196,1.2041716727043692,0.6833333333333333,19.84065857751191,9120,0.0848328999709338,True
SGD,39,4.483925291443736,3.699201540528296,0.5833333333333334,48.78573447374187,9360,0.08703880000393838,True
SGD,40,0.6781213934680972,0.7074114165876766,0.8416666666666667,6.239093889095085,9600,0.08927539992146194,True
