start,iteration,objective,gradient_norm,sign_invariant_error,observation_rmse,seconds,stress
spectral,0,0.1560863906042562,1.2565392315246258,0.3823782856231128,0.7901554039662229,6.539991591125727e-05,False
spectral,1,0.067729816092075,0.4033032499561619,0.3119544933979957,0.5204990531867469,0.00013569998554885387,False
spectral,2,0.05243517673690397,0.3580395625143388,0.2745338830406919,0.45797457019753385,0.00019779999274760485,False
spectral,3,0.04030699444815187,0.3191536284710817,0.24126728818187662,0.40153203831401485,0.0002565999748185277,False
spectral,4,0.030713364712851406,0.28174612424770973,0.21170380988029358,0.35050457750421127,0.00031539995688945055,False
spectral,5,0.023268620887278737,0.24656201584399773,0.18564361002943153,0.3050811097874055,0.000372599926777184,False
spectral,6,0.017585582894308924,0.2143719346865933,0.16283988425623738,0.2652212879412882,0.0004285000031813979,False
spectral,7,0.013298579837858678,0.18562639752532417,0.1429864736729323,0.23063893719715825,0.00048439996317029,False
spectral,8,0.010087397499006537,0.16045190131724055,0.1257462144377807,0.20087207370868193,0.0005398999201133847,False
spectral,9,0.0076882692458157,0.13871657662611794,0.11078142006976362,0.17536555244192856,0.0005957999965175986,False
spectral,10,0.0058938998045586395,0.12012077960060903,0.09777622105140538,0.1535434766384901,0.0006521999603137374,False
spectral,11,0.004546831185055859,0.10428310739180609,0.08644895435784544,0.13486038981192155,0.0007095999317243695,False
spectral,12,0.0035301393896269573,0.09080576317172465,0.07655635155258894,0.11882995227848839,0.0007655000081285834,False
spectral,13,0.002758119320897809,0.0793155695898007,0.06789235418488831,0.10503560007726541,0.0008212999673560262,False
spectral,14,0.0021682743361737633,0.0694843304341789,0.06028413017466866,0.09312946550203675,0.0008765999227762222,False
spectral,15,0.001714999880248111,0.06103486429772318,0.05358711002152464,0.08282511407171404,0.0009316999930888414,False
spectral,16,0.0013648589148635274,0.053738701265933754,0.04768010369215164,0.07388799401427887,0.0009872999507933855,False
spectral,17,0.0010931578531346918,0.04740988920012119,0.04246099676929371,0.06612587551434587,0.0010428999084979296,False
spectral,18,0.0008815069047299615,0.04189769327823422,0.03784317876601575,0.059380363917037805,0.0010979999788105488,False
spectral,19,0.0007160932334458348,0.037079667953715575,0.03375267692472407,0.0535198368250814,0.0011534999357536435,False
spectral,20,0.0005864575697952387,0.03285572651408186,0.030125894355494457,0.04843377209325075,0.0012085000053048134,False
spectral,21,0.0004846222491142899,0.029143350391901496,0.026907834263927607,0.04402827496572129,0.0012662999797612429,False
spectral,22,0.00040446394705278757,0.025873847678299196,0.02405070155729224,0.04022257809006218,0.0013214999344199896,False
spectral,23,0.00034125750054309035,0.022989484371948102,0.02151279206818155,0.03694631242996196,0.0013767000054940581,False
spectral,24,0.00029134037814170877,0.020441301421926853,0.019257599507941363,0.03413739170714182,0.0014315999578684568,False
spectral,25,0.00025186319737060723,0.018187452819628257,0.01725308755163044,0.031740396807261706,0.0014876999193802476,False
spectral,26,0.00022060238320307946,0.01619193204125838,0.015471088199009313,0.029705378853202964,0.0015445000026375055,False
spectral,27,0.00019581827224788654,0.014423585339093792,0.013886797927684038,0.027987016436046664,0.0016021999763324857,False
spectral,28,0.00017614684969411923,0.01285533664788824,0.01247835073710546,0.02654406522702348,0.0016576999332755804,False
spectral,29,0.00016051664345736986,0.011463569385830813,0.011226452619711887,0.02533903261431816,0.0017134000081568956,False
spectral,30,0.00014808461031012507,0.010227625745269026,0.010114065855602492,0.02433800405210954,0.0017686999635770917,False
spectral,31,0.00013818647158524492,0.009129395184854122,0.009126134262113714,0.02351054840578968,0.0018269999418407679,False
spectral,32,0.00013029811333508092,0.00815297176055179,0.008249342481716045,0.022829639798742418,0.001882400014437735,False
spectral,33,0.00012400550342217884,0.0072843655250805885,0.007471903812820509,0.02227155166773782,0.0019376999698579311,False
spectral,34,0.00011898119255022952,0.006511257152505766,0.006783372162394387,0.021815700085051546,0.0019930999260395765,False
spectral,35,0.00011496592259648668,0.005822787703390455,0.006174474561000563,0.021444432619818755,0.0020483999978750944,False
spectral,36,0.0001117542080168139,0.005209377393050224,0.0056369614267231,0.02114277257284994,0.0021033999510109425,False
spectral,37,0.00010918301523750737,0.004662568612239253,0.005163472458981016,0.02089813534624631,0.0021715000038966537,False
spectral,38,0.00010712286246337509,0.004174889450143664,0.00474741671776312,0.020700035020586326,0.0022272999631240964,False
spectral,39,0.0001054708137376863,0.003739734703357336,0.004382866091164038,0.02053979685758224,0.0022825999185442924,False
spectral,40,0.00010414495768470618,0.003351261903064648,0.00406446192431,0.020410287375214116,0.002340200007893145,False
spectral,41,0.00010308005148501449,0.003004300311304954,0.003787334987575949,0.020305669305394933,0.00239569996483624,False
spectral,42,0.00010222408049753263,0.002694271163590767,0.003547039096264442,0.020221184979870258,0.0024508999194949865,False
spectral,43,0.0001015355382349924,0.002417117694902721,0.0033394984763919474,0.020152968836872884,0.0025059999898076057,False
spectral,44,0.00010098127367729433,0.0021692436967580414,0.0031609683949152937,0.020097887817110964,0.002561299945227802,False
spectral,45,0.00010053478588540204,0.0019474595267719454,0.00300800774100959,0.02005340728010101,0.0026165000163018703,False
spectral,46,0.0001001748716410106,0.0017489346374119229,0.002877461366014575,0.02001747952575554,0.0026717999717220664,False
spectral,47,9.988455198979718e-05,0.0015711558135249751,0.0027664493172262594,0.019988451864994164,0.002726899925619364,False
spectral,48,9.965021934933092e-05,0.0014118904130904447,0.0026723598416493995,0.019964991294696914,0.002781999995931983,False
spectral,49,9.946095921804393e-05,0.0012691539957797335,0.002592843269099717,0.01994602308411819,0.002836999949067831,False
spectral,50,9.930801023530112e-05,0.001141181801760303,0.002525804534992014,0.019930680895072415,0.0028919000178575516,False
spectral,51,9.918433397496154e-05,0.0010264036107012252,0.0024693929842719937,0.019918266387912532,0.0029470999725162983,False
spectral,52,9.90842718579278e-05,0.0009234215696524999,0.0024219889894708246,0.019908216580892202,0.0030024999286979437,False
spectral,53,9.900327129549635e-05,0.0008309906296377818,0.002382187642373755,0.019900077516984336,0.0030609999084845185,False
spectral,54,9.893766690012596e-05,0.0007480012754456538,0.0023487802500995157,0.019893483043461842,0.0031169999856501818,False
spectral,55,9.888450553856823e-05,0.0006734642721108903,0.002320734576829694,0.019888137724640608,0.003172899945639074,False
spectral,56,9.884140632255771e-05,0.000606497185666812,0.0022971747734264695,0.01988380308920381,0.0032312999246641994,False
spectral,57,9.880644846612775e-05,0.0005463124655711692,0.002277361803173824,0.019880286563943465,0.0032891000155359507,False
spectral,58,9.877808138955583e-05,0.0004922069022951289,0.002260674973898301,0.01987743256958059,0.003345099976286292,False
spectral,59,9.875505259896438e-05,0.0004435522963997601,0.0022465949783958554,0.019875115355535867,0.0034007999347522855,False
spectral,60,9.873634978140313e-05,0.00039978719541195954,0.0022346886593615687,0.01987323323280871,0.0034584999084472656,False
spectral,61,9.872115427793673e-05,0.00036040957231339623,0.002224595567183399,0.019871703930759106,0.003514499985612929,False
spectral,62,9.870880367117643e-05,0.0003249703347845575,0.00221601627207121,0.01987046085738088,0.0035696999402716756,False
spectral,63,9.869876167997895e-05,0.00029306756777409894,0.0022087023220556477,0.019869450085996738,0.003624900011345744,False
spectral,64,9.869059391702998e-05,0.00026434142372860664,0.0022024476983361465,0.01986862792615836,0.003680099966004491,False
spectral,65,9.868394835417174e-05,0.00023846958512926497,0.0021970816016454965,0.019867958964541046,0.0037358999252319336,False
spectral,66,9.867853957077858e-05,0.00021516323302447777,0.00219246240085656,0.01986741448410221,0.003791299997828901,False
spectral,67,9.867413604436956e-05,0.00019416346317229597,0.0021884725824342565,0.019866971187815174,0.003914500004611909,False
spectral,68,9.867054988947196e-05,0.00017523809836679068,0.0021850145523587532,0.019866610167763595,0.003977000014856458,False
spectral,69,9.866762856810639e-05,0.0001581788516212072,0.0021820071578707947,0.01986631607199547,0.0040354999946430326,False
spectral,70,9.866524818913117e-05,0.00014279880024514494,0.0021793828128558175,0.019866076430853797,0.004092499963007867,False
spectral,71,9.866330808883709e-05,0.00012893013555496832,0.0021770851266680984,0.019865881111980618,0.004148799926042557,False
spectral,72,9.866172644541253e-05,0.00011642215709709166,0.002175066951003406,0.019865721879198103,0.004211699939332902,False
spectral,73,9.866043672816125e-05,0.00010513948389552106,0.0021732887727157536,0.019865592035291698,0.004267800017260015,False
spectral,74,9.865938482112147e-05,9.496045843604864e-05,0.002171717392134106,0.01986548613259907,0.004323399974964559,False
spectral,75,9.865852669185933e-05,8.577572191089273e-05,0.002170324836498896,0.019865399738425535,0.004390600020997226,False
spectral,76,9.865782650120347e-05,7.748694172591582e-05,0.002169087466713006,0.01986532924481278,0.004446499980986118,False
spectral,77,9.865725506982885e-05,7.000567445381908e-05,0.0021679852428456584,0.019865271714208075,0.004502699943259358,False
spectral,78,9.865678863377024e-05,6.32523493392199e-05,0.002167001119891966,0.019865224754205046,0.004561499925330281,False
spectral,79,9.865640783400792e-05,5.7155359158808106e-05,0.002166120550346736,0.019865186415838936,0.0046190000139176846,False
spectral,80,9.865609689575803e-05,5.165024673213632e-05,0.0021653310743423803,0.01986515511097339,0.004674499970860779,False
spectral,81,9.86558429616005e-05,4.667897670269597e-05,0.0021646219815626816,0.0198651295451704,0.004729699925519526,False
spectral,82,9.865563554939779e-05,4.2189283372077924e-05,0.002163984031998259,0.01986510866312065,0.004784999997355044,False
spectral,83,9.865546611150372e-05,3.813408640233544e-05,0.0021634092249538726,0.019865091604269407,0.004840399953536689,False
spectral,84,9.865532767620541e-05,3.44709671120773e-05,0.0021628906076427853,0.019865077666720098,0.004895599908195436,False
spectral,85,9.865521455596423e-05,3.116169889795438e-05,0.0021624221162794303,0.019865066277862175,0.004950599977746606,False
spectral,86,9.86551221099398e-05,2.817182602728683e-05,0.0021619984438723304,0.01986505697046347,0.005005599930882454,False
spectral,87,9.86550465506317e-05,2.5470285679669057e-05,0.0021616149299754756,0.019865049363203876,0.005060600000433624,False
spectral,88,9.865498478640265e-05,2.3029068674201504e-05,0.0021612674685177287,0.019865043144821272,0.0051157999550923705,False
spectral,89,9.86549342931903e-05,2.0822914818614174e-05,0.0021609524305358325,0.019865038061195887,0.005170899908989668,False
spectral,90,9.865489300996423e-05,1.8829039253745483e-05,0.002160666599211671,0.019865033904825257,0.005226199980825186,False
spectral,91,9.865485925351661e-05,1.7026886561432282e-05,0.0021604071150844004,0.01986503050624555,0.005281299934722483,False
spectral,92,9.86548316489937e-05,1.5397909749057888e-05,0.0021601714296926463,0.019865027727037653,0.005336400005035102,False
spectral,93,9.865480907324325e-05,1.3925371534418976e-05,0.0021599572662145696,0.019865025454123462,0.005392199964262545,False
spectral,94,9.86547906086096e-05,1.2594165628633831e-05,0.002159762585930884,0.019865023595114065,0.005447199917398393,False
spectral,95,9.86547755052358e-05,1.1390655959433441e-05,0.0021595855595438014,0.01986502207451437,0.005502299987711012,False
spectral,96,9.865476315030653e-05,1.0302531994173327e-05,0.002159424542557216,0.019865020830626533,0.005557799944654107,False
spectral,97,9.865475304293974e-05,9.318678518021047e-06,0.0021592780540624808,0.01986501981302206,0.005612900014966726,False
spectral,98,9.86547447736987e-05,8.429058392221038e-06,0.002159144758388516,0.019865018980479095,0.005668099969625473,False
spectral,99,9.865473800785935e-05,7.6246069735137115e-06,0.0021590234491695405,0.019865018299297824,0.0057252999395132065,False
spectral,100,9.86547324717488e-05,6.897137014017372e-06,0.0021589130354594853,0.019865017741925006,0.005780400009825826,False
spectral,101,9.86547279415899e-05,6.239252980917518e-06,0.0021588125295851973,0.01986501728583088,0.005835399962961674,False
spectral,102,9.865472423438475e-05,5.644273847305095e-06,0.002158721036483369,0.019865016912591314,0.005890999920666218,False
spectral,103,9.865472120047332e-05,5.106163501796812e-06,0.002158637744306543,0.01986501660713862,0.005947500001639128,False
spectral,104,9.865471871744741e-05,4.6194680139439914e-06,0.0021585619161208604,0.019865016357148806,0.0060032999608665705,False
spectral,105,9.86547166851808e-05,4.179259068115552e-06,0.002158492882544344,0.01986501615254121,0.006058499915525317,False
spectral,106,9.865471502176846e-05,3.7810829513799724e-06,0.0021584300352010303,0.01986501598506968,0.006113899988122284,False
spectral,107,9.865471366020433e-05,3.420914541576327e-06,0.0021583728208835586,0.019865015847988075,0.0061691999435424805,False
spectral,108,9.865471254566782e-05,3.095115798624468e-06,0.0021583207363346426,0.01986501573577709,0.006224400014616549,False
spectral,109,9.865471163330497e-05,2.800398312642577e-06,0.002158273323570122,0.019865015643920843,0.006280199973843992,False
spectral,110,9.865471088641382e-05,2.5337895074291356e-06,0.002158230165679017,0.01986501556872421,0.006335599930025637,False
spectral,111,9.865471027496193e-05,2.2926021381404764e-06,0.0021581908830437873,0.019865015507163533,0.0063934000208973885,False
spectral,112,9.865470977437211e-05,2.0744067576372655e-06,0.002158155129932921,0.019865015456764397,0.006448499974794686,False
spectral,113,9.865470936453092e-05,1.8770068608502314e-06,0.002158122591423937,0.01986501541550179,0.0065033999271690845,False
spectral,114,9.865470902897686e-05,1.6984164421891834e-06,0.002158092980621057,0.01986501538171837,0.006558599998243153,False
spectral,115,9.865470875423691e-05,1.5368397303074829e-06,0.002158066036135732,0.01986501535405769,0.006613499950617552,False
spectral,116,9.865470852928293e-05,1.390652886991264e-06,0.0021580415198026053,0.019865015331409427,0.00666870002169162,False
spectral,117,9.865470834508824e-05,1.2583874773905005e-06,0.0021580192146072215,0.0198650153128648,0.006723799975588918,False
spectral,118,9.865470819426424e-05,1.138715538954786e-06,0.0021579989228032643,0.01986501529767991,0.0067810999462381005,False
spectral,119,9.865470807076192e-05,1.030436093568171e-06,0.0021579804642019146,0.01986501528524576,0.006838499917648733,False
spectral,120,9.865470796963015e-05,9.32462961037181e-07,0.0021579636746152484,0.019865015275063864,0.00689540000166744,False
spectral,121,9.865470788681475e-05,8.43813748973141e-07,0.0021579484044398495,0.01986501526672605,0.006948099937289953,False
spectral,122,9.865470781899643e-05,7.635999033763572e-07,0.002157934517367241,0.019865015259898134,0.007000199984759092,False
spectral,123,9.86547077634597e-05,6.910177174320664e-07,0.0021579218892089796,0.01986501525430672,0.007051599910482764,False
spectral,124,9.865470771797832e-05,6.253402060908215e-07,0.0021579104068261837,0.01986501524972768,0.007103499956429005,False
spectral,125,9.865470768073151e-05,5.659097615033232e-07,0.0021578999671534736,0.01986501524597769,0.007155100000090897,False
spectral,126,9.865470765022762e-05,5.121315149992447e-07,0.0021578904763095577,0.019865015242906573,0.007206499925814569,False
spectral,127,9.865470762524591e-05,4.6346733620029156e-07,0.002157881848785941,0.01986501524039143,0.00726709992159158,False
spectral,128,9.865470760478607e-05,4.194304084795141e-07,0.002157874006706962,0.01986501523833154,0.00731909996829927,False
spectral,129,9.865470758802978e-05,3.795803246736387e-07,0.002157866879154958,0.019865015236644527,0.007374799926765263,False
spectral,130,9.865470757430593e-05,3.4351865320704236e-07,0.0021578604015547033,0.019865015235262816,0.007426599971950054,False
spectral,131,9.865470756306617e-05,3.1088492922935823e-07,0.002157854515111891,0.0198650152341312,0.007478200015611947,False
spectral,132,9.865470755386021e-05,2.813530294044436e-07,0.0021578491663009343,0.019865015233204348,0.007529799942858517,False
spectral,133,9.865470754632025e-05,2.546278942641569e-07,0.0021578443063976645,0.01986501523244523,0.00758129998575896,False
spectral,134,9.865470754014486e-05,2.3044256403652128e-07,0.002157839891053089,0.019865015231823494,0.007632599910721183,False
spectral,135,9.865470753508625e-05,2.0855549817354912e-07,0.0021578358799047193,0.019865015231314197,0.007683899952098727,False
spectral,136,9.865470753094363e-05,1.8874815103161755e-07,0.002157832236221824,0.01986501523089712,0.007735299994237721,False
spectral,137,9.86547075275501e-05,1.7082277927954717e-07,0.0021578289265821965,0.01986501523055546,0.007786699919961393,False
spectral,138,9.865470752477048e-05,1.5460045920726633e-07,0.0021578259205770763,0.01986501523027561,0.00784049998037517,False
spectral,139,9.865470752249405e-05,1.3991929299386034e-07,0.0021578231905422657,0.01986501523004642,0.007892499910667539,False
spectral,140,9.86547075206292e-05,1.2663278643555984e-07,0.0021578207113130132,0.019865015229858667,0.007943999953567982,False
spectral,141,9.865470751910165e-05,1.1460838177755389e-07,0.0021578184600004146,0.019865015229704873,0.007995399995706975,False
spectral,142,9.86547075178504e-05,1.0372612992490443e-07,0.002157816415787437,0.019865015229578897,0.008046799921430647,False
spectral,143,9.865470751682575e-05,9.387749016512873e-08,0.002157814559743532,0.019865015229475737,0.00809839996509254,False
spectral,144,9.865470751598621e-05,8.496424372881509e-08,0.0021578128746549937,0.019865015229391214,0.008149800007231534,False
spectral,145,9.865470751529874e-05,7.689751127892956e-08,0.002157811344870971,0.019865015229322002,0.008201199932955205,False
spectral,146,9.865470751473539e-05,6.959686403687451e-08,0.002157809956162785,0.019865015229265284,0.008262599934823811,False
spectral,147,9.865470751427419e-05,6.29895193404208e-08,0.0021578086955958606,0.01986501522921885,0.008315399987623096,False
spectral,148,9.865470751389588e-05,5.7009613440451016e-08,0.002157807551413029,0.019865015229180757,0.00836939993314445,False
spectral,149,9.865470751358652e-05,5.1597542967886546e-08,0.002157806512928442,0.019865015229149616,0.008421699982136488,False
spectral,150,9.865470751333273e-05,4.6699369500416155e-08,0.0021578055704306806,0.019865015229124063,0.008473000023514032,False
spectral,151,9.865470751312516e-05,4.2266280620437234e-08,0.0021578047150945757,0.019865015229103163,0.008524099946953356,False
spectral,152,9.865470751295513e-05,3.825410278288388e-08,0.00215780393890114,0.019865015229086045,0.0085755999898538,False
spectral,153,9.865470751281545e-05,3.462285976000763e-08,0.0021578032345644363,0.019865015229071983,0.008626799914054573,False
spectral,154,9.865470751270137e-05,3.133637356621407e-08,0.0021578025954651805,0.019865015229060496,0.008678499958477914,False
spectral,155,9.865470751260775e-05,2.836190382787311e-08,0.0021578020155899997,0.019865015229051073,0.008733199909329414,False
spectral,156,9.865470751253138e-05,2.566982021471127e-08,0.0021578014894765535,0.019865015229043385,0.008785299956798553,False
spectral,157,9.865470751246839e-05,2.3233307570497034e-08,0.0021578010121634413,0.019865015229037043,0.008838700014166534,False
spectral,158,9.865470751241707e-05,2.1028097802342056e-08,0.0021578005791444716,0.019865015229031873,0.008890299941413105,False
spectral,159,9.865470751237502e-05,1.903222798448021e-08,0.002157800186327359,0.01986501522902764,0.008941799984313548,False
spectral,160,9.86547075123401e-05,1.7225821538515325e-08,0.0021577998299956956,0.019865015229024122,0.008993399911560118,False
spectral,161,9.865470751231228e-05,1.559088938303465e-08,0.002157799506774905,0.019865015229021322,0.009044899954460561,False
spectral,162,9.865470751228901e-05,1.4111151114900367e-08,0.002157799213600933,0.01986501522901898,0.009096199995838106,False
spectral,163,9.865470751226992e-05,1.2771872553438262e-08,0.002157798947691797,0.01986501522901706,0.009147799923084676,False
spectral,164,9.865470751225467e-05,1.1559718627245382e-08,0.002157798706521836,0.019865015229015525,0.00919919996522367,False
spectral,165,9.865470751224201e-05,1.0462620591762281e-08,0.002157798487798259,0.01986501522901425,0.009250700008124113,False
spectral,166,9.865470751223151e-05,9.46965580099811e-09,0.002157798289439739,0.01986501522901319,0.009302099933847785,False
spectral,167,9.865470751222271e-05,8.570938798887847e-09,0.0021577981095570226,0.01986501522901231,0.009353599976748228,False
spectral,168,9.865470751221573e-05,7.757522697733617e-09,0.0021577979464353736,0.0198650152290116,0.00940540002193302,False
spectral,169,9.865470751220977e-05,7.02131011147496e-09,0.0021577977985184913,0.019865015229011004,0.009456799947656691,False
spectral,170,9.865470751220518e-05,6.354972475303281e-09,0.002157797664394033,0.01986501522901054,0.009508099989034235,False
spectral,171,9.865470751220123e-05,5.751877017039328e-09,0.0021577975427801545,0.01986501522901014,0.009559499914757907,False
spectral,172,9.865470751219841e-05,5.206020785739384e-09,0.002157797432513751,0.01986501522900986,0.009610899956896901,False
spectral,173,9.865470751219593e-05,4.711970550426972e-09,0.002157797332539437,0.01986501522900961,0.009662800002843142,False
spectral,174,9.86547075121937e-05,4.264809024278056e-09,0.0021577972418995346,0.019865015229009384,0.009713999927043915,False
spectral,175,9.865470751219211e-05,3.860085673432326e-09,0.0021577971597251727,0.019865015229009225,0.00976529996842146,False
spectral,176,9.865470751219058e-05,3.493772439369274e-09,0.002157797085228139,0.019865015229009072,0.009816700010560453,False
spectral,177,9.865470751218918e-05,3.1622237606040177e-09,0.0021577970176931225,0.019865015229008933,0.009870199952274561,False
spectral,178,9.865470751218825e-05,2.8621400162534383e-09,0.002157796956471442,0.019865015229008836,0.009921599994413555,False
spectral,179,9.865470751218765e-05,2.5905347667246395e-09,0.0021577969009745845,0.019865015229008777,0.009972899919375777,False
spectral,180,9.86547075121869e-05,2.344705288101993e-09,0.002157796850668601,0.0198650152290087,0.010026399977505207,False
spectral,181,9.86547075121865e-05,2.12220497985029e-09,0.002157796805069337,0.01986501522900866,0.010078100021928549,False
spectral,182,9.865470751218611e-05,1.920819994535518e-09,0.0021577967637375494,0.01986501522900862,0.01012949994765222,False
spectral,183,9.865470751218574e-05,1.7385461510478033e-09,0.002157796726274879,0.019865015229008583,0.010181199992075562,False
spectral,184,9.865470751218546e-05,1.5735697927020637e-09,0.0021577966923200334,0.01986501522900856,0.010234099929220974,False
spectral,185,9.865470751218531e-05,1.4242492868641625e-09,0.0021577966615453485,0.019865015229008538,0.010285899974405766,False
spectral,186,9.865470751218487e-05,1.2890988445751412e-09,0.0021577966336537315,0.019865015229008496,0.010337400017306209,False
spectral,187,9.865470751218482e-05,1.1667736881896147e-09,0.002157796608375664,0.01986501522900849,0.010391199961304665,False
spectral,188,9.865470751218433e-05,1.0560566895179037e-09,0.0021577965854668755,0.01986501522900844,0.010442600003443658,False
spectral,189,9.865470751218422e-05,1.0560566796285497e-09,0.002157796585466876,0.01986501522900843,0.010659100022166967,False
spectral,190,9.865470751218422e-05,1.0560566796285497e-09,0.002157796585466876,0.01986501522900843,0.010880099958740175,False
spectral,191,9.865470751218422e-05,1.0560566796285497e-09,0.002157796585466876,0.01986501522900843,0.011100400006398559,False
spectral,192,9.865470751218422e-05,1.0560566796285497e-09,0.002157796585466876,0.01986501522900843,0.01132089993916452,False
spectral,193,9.865470751218422e-05,1.0560566796285497e-09,0.002157796585466876,0.01986501522900843,0.011541299987584352,False
spectral,194,9.865470751218422e-05,1.0560566796285497e-09,0.002157796585466876,0.01986501522900843,0.011762999929487705,False
spectral,195,9.865470751218422e-05,1.0560566796285497e-09,0.002157796585466876,0.01986501522900843,0.011983599979430437,False
spectral,196,9.865470751218422e-05,1.0560566796285497e-09,0.002157796585466876,0.01986501522900843,0.012206099927425385,False
spectral,197,9.865470751218422e-05,1.0560566796285497e-09,0.002157796585466876,0.01986501522900843,0.012443699990399182,False
spectral,198,9.865470751218422e-05,1.0560566796285497e-09,0.002157796585466876,0.01986501522900843,0.012664999929256737,False
spectral,199,9.865470751218422e-05,1.0560566796285497e-09,0.002157796585466876,0.01986501522900843,0.01288689998909831,False
spectral,200,9.865470751218422e-05,1.0560566796285497e-09,0.002157796585466876,0.01986501522900843,0.013108099927194417,False
spectral,201,9.865470751218422e-05,1.0560566796285497e-09,0.002157796585466876,0.01986501522900843,0.013329499983228743,False
spectral,202,9.865470751218422e-05,1.0560566796285497e-09,0.002157796585466876,0.01986501522900843,0.013576099998317659,False
spectral,203,9.865470751218422e-05,1.0560566796285497e-09,0.002157796585466876,0.01986501522900843,0.013799799955449998,False
spectral,204,9.865470751218422e-05,1.0560566796285497e-09,0.002157796585466876,0.01986501522900843,0.014021800016053021,False
spectral,205,9.865470751218422e-05,1.0560566796285497e-09,0.002157796585466876,0.01986501522900843,0.014245699974708259,False
spectral,206,9.865470751218422e-05,1.0560566796285497e-09,0.002157796585466876,0.01986501522900843,0.014471199945546687,False
spectral,207,9.865470751218422e-05,1.0560566796285497e-09,0.002157796585466876,0.01986501522900843,0.014693700009956956,False
spectral,208,9.865470751218422e-05,1.0560566796285497e-09,0.002157796585466876,0.01986501522900843,0.01491529995109886,False
spectral,209,9.865470751218422e-05,1.0560566796285497e-09,0.002157796585466876,0.01986501522900843,0.015136600006371737,False
spectral,210,9.865470751218422e-05,1.0560566796285497e-09,0.002157796585466876,0.01986501522900843,0.015358799952082336,False
spectral,211,9.865470751218422e-05,1.0560566796285497e-09,0.002157796585466876,0.01986501522900843,0.015580000006593764,False
spectral,212,9.865470751218422e-05,1.0560566796285497e-09,0.002157796585466876,0.01986501522900843,0.015800199937075377,False
spectral,213,9.865470751218422e-05,1.0560566796285497e-09,0.002157796585466876,0.01986501522900843,0.01602189999539405,False
spectral,214,9.865470751218422e-05,1.0560566796285497e-09,0.002157796585466876,0.01986501522900843,0.016243399935774505,False
spectral,215,9.865470751218422e-05,1.0560566796285497e-09,0.002157796585466876,0.01986501522900843,0.01646680000703782,False
spectral,216,9.865470751218422e-05,1.0560566796285497e-09,0.002157796585466876,0.01986501522900843,0.016690899967215955,False
spectral,217,9.865470751218422e-05,1.0560566796285497e-09,0.002157796585466876,0.01986501522900843,0.016911700018681586,False
spectral,218,9.865470751218422e-05,1.0560566796285497e-09,0.002157796585466876,0.01986501522900843,0.017133499961346388,False
spectral,219,9.865470751218422e-05,1.0560566796285497e-09,0.002157796585466876,0.01986501522900843,0.017354700015857816,False
spectral,220,9.865470751218422e-05,1.0560566796285497e-09,0.002157796585466876,0.01986501522900843,0.017575599951669574,False
spectral,221,9.865470751218422e-05,1.0560566796285497e-09,0.002157796585466876,0.01986501522900843,0.017806999967433512,False
spectral,222,9.865470751218422e-05,1.0560566796285497e-09,0.002157796585466876,0.01986501522900843,0.018027500016614795,False
spectral,223,9.865470751218422e-05,1.0560566796285497e-09,0.002157796585466876,0.01986501522900843,0.018246999941766262,False
spectral,224,9.865470751218422e-05,1.0560566796285497e-09,0.002157796585466876,0.01986501522900843,0.018470400013029575,False
spectral,225,9.865470751218422e-05,1.0560566796285497e-09,0.002157796585466876,0.01986501522900843,0.018695499980822206,False
spectral,226,9.865470751218422e-05,1.0560566796285497e-09,0.002157796585466876,0.01986501522900843,0.018921099952422082,False
spectral,227,9.865470751218422e-05,1.0560566796285497e-09,0.002157796585466876,0.01986501522900843,0.019141800003126264,False
spectral,228,9.865470751218422e-05,1.0560566796285497e-09,0.002157796585466876,0.01986501522900843,0.019361899932846427,False
spectral,229,9.865470751218422e-05,1.0560566796285497e-09,0.002157796585466876,0.01986501522900843,0.019583199988119304,False
spectral,230,9.865470751218422e-05,1.0560566796285497e-09,0.002157796585466876,0.01986501522900843,0.019803399918600917,False
spectral,231,9.865470751218422e-05,1.0560566796285497e-09,0.002157796585466876,0.01986501522900843,0.020026399986818433,False
spectral,232,9.865470751218422e-05,1.0560566796285497e-09,0.002157796585466876,0.01986501522900843,0.020246799918822944,False
spectral,233,9.865470751218422e-05,1.0560566796285497e-09,0.002157796585466876,0.01986501522900843,0.020472400006838143,False
spectral,234,9.865470751218422e-05,1.0560566796285497e-09,0.002157796585466876,0.01986501522900843,0.02069319994188845,False
spectral,235,9.865470751218422e-05,1.0560566796285497e-09,0.002157796585466876,0.01986501522900843,0.020916900015436113,False
spectral,236,9.865470751218422e-05,1.0560566796285497e-09,0.002157796585466876,0.01986501522900843,0.02113779995124787,False
spectral,237,9.865470751218422e-05,1.0560566796285497e-09,0.002157796585466876,0.01986501522900843,0.021357899997383356,False
spectral,238,9.865470751218422e-05,1.0560566796285497e-09,0.002157796585466876,0.01986501522900843,0.021577499923296273,False
spectral,239,9.865470751218422e-05,1.0560566796285497e-09,0.002157796585466876,0.01986501522900843,0.021797699970193207,False
spectral,240,9.865470751218422e-05,1.0560566796285497e-09,0.002157796585466876,0.01986501522900843,0.022017600014805794,False
spectral,241,9.865470751218422e-05,1.0560566796285497e-09,0.002157796585466876,0.01986501522900843,0.022236299933865666,False
spectral,242,9.865470751218422e-05,1.0560566796285497e-09,0.002157796585466876,0.01986501522900843,0.022460000007413328,False
spectral,243,9.865470751218422e-05,1.0560566796285497e-09,0.002157796585466876,0.01986501522900843,0.022681099944747984,False
spectral,244,9.865470751218422e-05,1.0560566796285497e-09,0.002157796585466876,0.01986501522900843,0.022901699994690716,False
spectral,245,9.865470751218422e-05,1.0560566796285497e-09,0.002157796585466876,0.01986501522900843,0.02313659992069006,False
spectral,246,9.865470751218422e-05,1.0560566796285497e-09,0.002157796585466876,0.01986501522900843,0.023360099992714822,False
spectral,247,9.865470751218422e-05,1.0560566796285497e-09,0.002157796585466876,0.01986501522900843,0.023587599978782237,False
spectral,248,9.865470751218422e-05,1.0560566796285497e-09,0.002157796585466876,0.01986501522900843,0.023811499937437475,False
spectral,249,9.865470751218422e-05,1.0560566796285497e-09,0.002157796585466876,0.01986501522900843,0.024032599991187453,False
spectral,250,9.865470751218422e-05,1.0560566796285497e-09,0.002157796585466876,0.01986501522900843,0.024254199932329357,False
random,0,1.1576420862394505,2.604782602608587,1.4069910505473975,2.151875541233229,3.9400067180395126e-05,False
random,1,0.7549188909224375,0.7841175653258053,1.2364609470762573,1.7377213711322508,9.220000356435776e-05,False
random,2,0.7023940593417102,0.5975935603038721,1.182524221722445,1.6761790588618033,0.00014620006550103426,False
random,3,0.6680028656878984,0.5711560268343088,1.1413047913533398,1.6346288455645195,0.00019880000036209822,False
random,4,0.6349254403984008,0.5932485267875433,1.1030569531873278,1.5936441765945129,0.0002528000622987747,False
random,5,0.5987504412908714,0.6275191705472966,1.0642647039896616,1.5475793243525469,0.00030499999411404133,False
random,6,0.5583896977285049,0.6581439421242536,1.0234514549962759,1.4945095486192184,0.0003602000651881099,False
random,7,0.514404843916773,0.6773300267501341,0.9801466981500448,1.4344404399162385,0.00041199999395757914,False
random,8,0.46832762565854785,0.6823833093163858,0.9344885494119544,1.368689337517536,0.00046360003761947155,False
random,9,0.4220272749802557,0.6744090693749921,0.8869893143813103,1.2992725271939767,0.0005155999679118395,False
random,10,0.3771587143902431,0.6564729683464436,0.8383519818416159,1.228264978561618,0.0005672000115737319,False
random,11,0.33488942453245785,0.6318307668447286,0.7893140936604721,1.157392629201444,0.0006188000552356243,False
random,12,0.29589271692570507,0.6032343165029346,0.7405206376039657,1.0879204326157406,0.0006702999817207456,False
random,13,0.26043827949079446,0.5730403475721911,0.6924427679665882,1.020663077593766,0.0007217000238597393,False
random,14,0.228480744628072,0.5432750258968235,0.6453588422577233,0.9559931895742187,0.000773100065998733,False
random,15,0.199751175145829,0.5154073922218995,0.5993924163802649,0.8938706285494092,0.000824799994006753,False
random,16,0.17386478006564007,0.4900963557726611,0.5545807999966351,0.8339419166000474,0.0008761000353842974,False
random,17,0.1504277885450496,0.46715071749127685,0.5109451809605179,0.7757004281165496,0.0009272999595850706,False
random,18,0.12911786935419764,0.44573000364724286,0.46854370411550145,0.7186595003315482,0.0009805000154301524,False
random,19,0.1097246315954488,0.4246804009944374,0.427500351232583,0.6624941708285403,0.0010320000583305955,False
random,20,0.09215103666995646,0.4028803613800481,0.3880097175470835,0.607127784473603,0.0010839999886229634,False
random,21,0.07638506957881577,0.37951063079454633,0.35032132361534885,0.5527569794360475,0.0011356000322848558,False
random,22,0.06245471717860143,0.35420981043816885,0.31470904532037025,0.49981883589397247,0.0011877999641001225,False
random,23,0.05038035603216537,0.32710795307865,0.281432865002919,0.4489113766977414,0.001242100028321147,False
random,24,0.04013731962884551,0.29875173397593496,0.25070131852168,0.4006860098822793,0.0012941999593749642,False
random,25,0.031637088544701084,0.26995315973524014,0.22264277302907476,0.3557363548736681,0.0013466000091284513,False
random,26,0.024728865351764866,0.2416078412694197,0.19729128587931286,0.3145082851167191,0.001398000051267445,False
random,27,0.019216722312984335,0.21453097119452894,0.17458864250490608,0.2772487858439372,0.0014489999739453197,False
random,28,0.01488382274194154,0.18934602158112546,0.1543997626776822,0.24399854706076873,0.001500300015322864,False
random,29,0.011515494885015512,0.16643860361420199,0.1365357525918926,0.21462054780486897,0.0015518000582233071,False
random,30,0.008916017304004119,0.14596661098365604,0.1207783591233795,0.1888493294031421,0.0016029999824240804,False
random,31,0.006917659342832257,0.12790572743994688,0.10690108038077324,0.16634493491335717,0.0016565000405535102,False
random,32,0.005383142848115543,0.11210803886337921,0.09468455032564431,0.1467398084790292,0.0017079999670386314,False
random,33,0.004203770840177166,0.09835719751395462,0.08392593058478895,0.12967298624119314,0.0017598000122234225,False
random,34,0.003295390372302425,0.08641143073385907,0.07444334015986911,0.11481098157062197,0.0018116000574082136,False
random,35,0.00259374925824401,0.07603223275661465,0.06607681824586854,0.10185772937276798,0.0018634999869391322,False
random,36,0.002050140283057883,0.06700052793082296,0.058687222581438964,0.09055694966280353,0.0019150000298395753,False
random,37,0.0016277204951242153,0.05912365991050952,0.05215412529914047,0.08069003643881233,0.001966599957086146,False
random,38,0.0012985859071184024,0.05223657644656151,0.04637339492622386,0.07207179495803896,0.0020176999969407916,False
random,39,0.0010415308741159885,0.046199872792960874,0.04125485023791438,0.06454551492136347,0.0020691000390797853,False
random,40,0.0008403678952034504,0.04089649355425379,0.036720164705839185,0.05797819918567497,0.0021211999701336026,False
random,41,0.0006826806847830228,0.0362281564222853,0.03270107667455702,0.05225631769587378,0.002175400033593178,False
random,42,0.0005589014495768213,0.032112038287043475,0.02913789600828931,0.04728219324764118,0.0022278999676927924,False
random,43,0.00046162660505898526,0.028477939096525025,0.02597827033423174,0.042970995104092496,0.0022814000258222222,False
random,44,0.0003851066437046883,0.025265960281527104,0.023176166700369236,0.03924826843083339,0.0023329000687226653,False
random,45,0.0003248632176047116,0.022424650353543688,0.020691026956084695,0.0360479246340042,0.0023845999967306852,False
random,46,0.00027739959122491744,0.019909540285267913,0.01848706143753401,0.033310634411545956,0.0024362000403925776,False
random,47,0.00023998013743155443,0.017681988965551343,0.016532652506545648,0.030982584619850838,0.002487699966877699,False
random,48,0.00021046133417558583,0.015708268683960726,0.014799845777761224,0.02901457111008783,0.002539200009778142,False
random,49,0.000187161518198207,0.013958833845214898,0.01326391201716621,0.027361397493418132,0.0025906000519171357,False
random,50,0.0001687600485019658,0.012407728953088067,0.011902966689754324,0.025981535636060142,0.0026419999776408076,False
random,51,0.0001542189509515403,0.011032102781723875,0.01069763713756346,0.02483698459568233,0.002693300019018352,False
random,52,0.0001427218546755792,0.009811804233734109,0.009630769592458762,0.023893250484233342,0.002744800061918795,False
random,53,0.0001336262965024191,0.008729041868774493,0.00868716987131056,0.023119368200919255,0.0027959999861195683,False
random,54,0.00012642640191417925,0.0077680938544080645,0.00785337283404176,0.022487899138352543,0.00284770003054291,False
random,55,0.00012072364591191415,0.006915058538166364,0.007117436642109616,0.021974862539903557,0.0028989999555051327,False
random,56,0.0001162039207559945,0.006157638308218334,0.006468758638726912,0.021559584481709707,0.0029519000090658665,False
random,57,0.0001126195356873276,0.005484951171775467,0.005897910355227,0.021224470376179246,0.0030037000542506576,False
random,58,0.00010977507882385101,0.004887365740185594,0.005396489773849118,0.02095472059693004,0.0030562999891117215,False
random,59,0.00010751630665449251,0.00435635621696942,0.004956989557989881,0.020738014047106103,0.0031078000320121646,False
random,60,0.00010572140879241236,0.0038843746462464196,0.004572680475428124,0.020564183309084983,0.003161099972203374,False
random,61,0.00010429413735879387,0.0034647381686813777,0.004237509636009862,0.02042490023072758,0.003212900017388165,False
random,62,0.00010315840086750819,0.003091529401966009,0.003946013371791341,0.020313384835374745,0.0032661999575793743,False
random,63,0.0001022540088203191,0.002759508348493419,0.003693244539873145,0.020224144859085545,0.003317900002002716,False
random,64,0.00010153332078547082,0.0024640344586377965,0.003474713701713563,0.02015274877384927,0.003369400044903159,False
random,65,0.00010095860666005015,0.0022009976605658487,0.0032863430743747335,0.020095632028881316,0.003420799970626831,False
random,66,0.00010049996631128885,0.0019667573181756243,0.003124431485861037,0.020049934295282748,0.003471900010481477,False
random,67,0.00010013368934194312,0.0017580882054336468,0.002985627979306028,0.020013364468968543,0.0035230000503361225,False
random,68,9.984096126890801e-05,0.0015721326935108676,0.0028669113763768327,0.01998408979852803,0.0035741999745368958,False
random,69,9.960684245663406e-05,0.001406358440533113,0.002765573137325519,0.0199606455262984,0.003625700017437339,False
random,70,9.94194618923934e-05,0.001258520955220068,0.002679201243518362,0.019941861687655285,0.0036770000588148832,False
random,71,9.926938025689248e-05,0.0011266304772033487,0.002605663474797712,0.019926804084638608,0.003728299983777106,False
random,72,9.914908645835112e-05,0.0010089226798997459,0.0025430891980208433,0.01991472685811695,0.0037797000259160995,False
random,73,9.905259943133186e-05,0.0009038327576626388,0.002489849466660577,0.019905034481892448,0.0038311000680550933,False
random,74,9.897515300063735e-05,0.0008099725084661466,0.0024445357456378087,0.01989725136802944,0.003882199991494417,False
random,75,9.89129463265453e-05,0.0007261100673686732,0.002405937878318917,0.019890997594544654,0.00393370003439486,False
random,76,9.886294615602121e-05,0.0006511519851066874,0.00237302201890061,0.019885969541968147,0.00399750005453825,False
random,77,9.882273002142124e-05,0.000584127380920642,0.0023449092123211564,0.019881924456291573,0.004050599993206561,False
random,78,9.87903618234011e-05,0.0005241739296146132,0.002320855174510967,0.019878668146875545,0.004102400038391352,False
random,79,9.876429304133406e-05,0.00047052547029919814,0.0023002316604885825,0.019876045184224558,0.004155599977821112,False
random,80,9.874328423717931e-05,0.00042250104865557034,0.0022825096440187245,0.01987393108946283,0.004208000027574599,False
random,81,9.872634263947947e-05,0.0003794952262048159,0.0022672443921061777,0.01987222610977235,0.004259899957105517,False
random,82,9.871267247748689e-05,0.00034096950927840845,0.002254062409621137,0.019870850256341513,0.004315100028179586,False
random,83,9.870163543195872e-05,0.00030644476741933653,0.002242650154423477,0.019869739347254528,0.004366599954664707,False
random,84,9.869271911869609e-05,0.00027549452604552576,0.0022327443773372713,0.01986884185036421,0.0044181999983266,False
random,85,9.868551195471725e-05,0.0002477390315836654,0.0022241239181811476,0.01986811636312987,0.004469900042749941,False
random,86,9.867968309956253e-05,0.00022283999912736142,0.002216602782579263,0.01986752959978291,0.004521199967712164,False
random,87,9.867496643504044e-05,0.00020049596315647628,0.002210024329022283,0.019867054782734195,0.004572700010612607,False
random,88,9.867114776083066e-05,0.00018043816112957932,0.002204256407276237,0.019866670356235405,0.004624300054274499,False
random,89,9.866805455282941e-05,0.00016242688796324316,0.0021991873045264163,0.019866358957074084,0.004675499978475273,False
random,90,9.866554776526475e-05,0.00014624826666119876,0.0021947223723537803,0.019866106590398107,0.004726600018329918,False
random,91,9.866351526393867e-05,0.00013171138676269732,0.0021907812242956495,0.01986590196934825,0.004778000060468912,False
random,92,9.86618665622271e-05,0.00011864576794114247,0.002187295409461776,0.01986573598558353,0.004829199984669685,False
random,93,9.866052859835211e-05,0.00010689911107873828,0.002184206481972556,0.019865601284466787,0.004880300024524331,False
random,94,9.865944234555026e-05,9.633530356056967e-05,0.0021814643986628143,0.019865491923992246,0.004931400064378977,False
random,95,9.865856008894132e-05,8.683264942283641e-05,0.0021790261885198713,0.01986540310076202,0.004982699989341199,False
random,96,9.865784323646807e-05,7.828229843195713e-05,0.002176854846783089,0.019865330929684313,0.005034300033003092,False
random,97,9.865726055796147e-05,7.05868512038667e-05,0.0021749184146537463,0.019865272266743436,0.005101499962620437,False
random,98,9.865678676766431e-05,6.365912014963556e-05,0.0021731892123134696,0.019865224566328398,0.00515450001694262,False
random,99,9.865640138246711e-05,5.742102839608091e-05,0.0021716431985881867,0.019865185766306553,0.005207399954088032,False
random,100,9.865608780164594e-05,5.180263091424822e-05,0.0021702594352843736,0.019865154195389065,0.00525970000308007,False
random,101,9.865583256466495e-05,4.674124392511678e-05,0.0021690196381057973,0.01986512849841802,0.0053140000673010945,False
random,102,9.865562475222207e-05,4.218067027509616e-05,0.002167907799264982,0.019865107576071375,0.0053678000112995505,False
random,103,9.865545550260075e-05,3.8070509902717265e-05,0.0021669098695422068,0.019865090536174333,0.005419500055722892,False
random,104,9.865531762090954e-05,3.4365545780322e-05,0.002166013489715027,0.019865076654360995,0.0054706999799236655,False
random,105,9.865520526318645e-05,3.1025196828250864e-05,0.002165207763063728,0.019865065342272243,0.005522200022824109,False
random,106,9.86551136808832e-05,2.801303028027774e-05,0.0021644830621184016,0.019865056121831943,0.00557390006724745,False
random,107,9.865503901408563e-05,2.5296326845717676e-05,0.00216383086401377,0.019865048604429402,0.005625399993732572,False
random,108,9.865497812407728e-05,2.284569277948105e-05,0.0021632436097998825,0.01986504247406255,0.005679600057192147,False
random,109,9.865492845770374e-05,2.063471364589132e-05,0.002162714583862757,0.019865037473682626,0.005731399985961616,False
random,110,9.865488793743391e-05,1.8639645157381642e-05,0.0021622378102712733,0.01986503339412586,0.005783100030384958,False
random,111,9.865485487221789e-05,1.6839136997676555e-05,0.002161807963408668,0.01986503006513888,0.00583449995610863,False
random,112,9.865482788516675e-05,1.5213986001158721e-05,0.0021614202906936795,0.019865027348097634,0.005886099999770522,False
random,113,9.865480585485893e-05,1.3746915474049958e-05,0.002161070545563023,0.019865025130098267,0.005937800044193864,False
random,114,9.865478786768436e-05,1.2422377802955039e-05,0.0021607549291892394,0.019865023319159167,0.005989199969917536,False
random,115,9.865477317913417e-05,1.1226377819860715e-05,0.0021604700396570206,0.019865021840323675,0.006040700012817979,False
random,116,9.865476118234644e-05,1.0146314675621602e-05,0.0021602128275265446,0.019865020632493333,0.006092400057241321,False
random,117,9.865475138253419e-05,9.170840223548613e-06,0.002159980556883889,0.019865019645853278,0.00614419998601079,False
random,118,9.865474337619337e-05,8.289732140430553e-06,0.00215977077111769,0.01986501883977897,0.006198000046424568,False
random,119,9.865473683418906e-05,7.493780205310726e-06,0.002159581262780623,0.019865018181133294,0.006249799975194037,False
random,120,9.865473148799193e-05,6.774684333419312e-06,0.0021594100469898734,0.01986501764288086,0.006302200024947524,False
random,121,9.865472711847064e-05,6.1249631156137405e-06,0.002159255337903779,0.019865017202959644,0.006355899968184531,False
random,122,9.865472354677312e-05,5.537871751191435e-06,0.002159115527878549,0.01986501684336292,0.006407200009562075,False
random,123,9.865472062689287e-05,5.007328383163696e-06,0.002158989168967187,0.019865016549390827,0.006458600051701069,False
random,124,9.865471823961945e-05,4.527847953219887e-06,0.0021588749564696334,0.019865016309041323,0.006511499988846481,False
random,125,9.86547162876005e-05,4.094482788093496e-06,0.0021587717142840467,0.019865016112513022,0.006563000031746924,False
random,126,9.86547146913238e-05,3.7027692161189273e-06,0.002158678381843989,0.019865015951800676,0.0066142999567091465,False
random,127,9.865471338583582e-05,3.3486795855087824e-06,0.0021585940024534908,0.01986501582036479,0.00666579999960959,False
random,128,9.86547123180711e-05,3.028579126285909e-06,0.0021585177128583544,0.01986501571286276,0.006717400043271482,False
random,129,9.865471144466832e-05,2.7391871537326325e-06,0.002158448733912171,0.019865015624929,0.006768699968233705,False
random,130,9.865471073019182e-05,2.4775421676701557e-06,0.0021583863622133574,0.019865015552995857,0.00681980000808835,False
random,131,9.865471014567856e-05,2.2409704474311875e-06,0.0021583299626054295,0.019865015494147348,0.006870700046420097,False
random,132,9.865470966745419e-05,2.0270577849987766e-06,0.0021582789614454896,0.019865015445999955,0.006921699969097972,False
random,133,9.865470927616447e-05,1.833624036025477e-06,0.0021582328405575636,0.019865015406605097,0.006974700023420155,False
random,134,9.865470895598502e-05,1.6587002023145165e-06,0.002158191131797448,0.019865015374369587,0.007026100065559149,False
random,135,9.865470869397692e-05,1.5005077894499908e-06,0.0021581534121637783,0.01986501534799074,0.007077399990521371,False
random,136,9.865470847955866e-05,1.3574402086912563e-06,0.002158119299397937,0.019865015326403217,0.007128600031137466,False
random,137,9.865470830407739e-05,1.2280460179848053e-06,0.0021580884480222524,0.019865015308735846,0.00717979995533824,False
random,138,9.865470816045411e-05,1.111013816654612e-06,0.002158060545770334,0.019865015294275926,0.007230999995954335,False
random,139,9.865470804289971e-05,1.0051586274578745e-06,0.002158035310370104,0.019865015282440605,0.0072821000358089805,False
random,140,9.865470794667754e-05,9.094096179140648e-07,0.0021580124866431615,0.019865015272753004,0.007335499976761639,False
random,141,9.865470786791354e-05,8.227990270518683e-07,0.0021579918438884593,0.019865015264823083,0.007386700017377734,False
random,142,9.86547078034369e-05,7.444521768928685e-07,0.0021579731735218324,0.019865015258331606,0.00743780005723238,False
random,143,9.865470775065425e-05,6.735784615164851e-07,0.0021579562869456143,0.019865015253017475,0.007488899980671704,False
random,144,9.865470770744311e-05,6.094632166868793e-07,0.0021579410136256046,0.019865015248667,0.0075399000197649,False
random,145,9.865470767206566e-05,5.514603823052319e-07,0.0021579271993545967,0.019865015245105217,0.007591200061142445,False
random,146,9.865470764310206e-05,4.989858801475858e-07,0.0021579147046840515,0.019865015242189175,0.007642399985343218,False
random,147,9.865470761938784e-05,4.5151163612431373e-07,0.0021579034035076705,0.01986501523980164,0.007693600025959313,False
random,148,9.865470759997137e-05,4.0856018293875907e-07,0.002157893181781694,0.019865015237846798,0.007744900067336857,False
random,149,9.865470758407259e-05,3.6969978721172346e-07,0.00215788393636849,0.019865015236246116,0.0077957999892532825,False
random,150,9.8654707571055e-05,3.3454004876708875e-07,0.0021578755739916594,0.019865015234935515,0.007848000037483871,False
random,151,9.865470756039552e-05,3.027279265402969e-07,0.0021578680102916402,0.019865015233862318,0.007899199961684644,False
random,152,9.865470755166715e-05,2.739441487426127e-07,0.0021578611689720816,0.019865015232983552,0.007950500003062189,False
random,153,9.865470754451876e-05,2.4789996994923354e-07,0.0021578549810281566,0.019865015232263857,0.008001500042155385,False
random,154,9.865470753866574e-05,2.2433424163828176e-07,0.002157849384049115,0.01986501523167458,0.00805249996483326,False
random,155,9.865470753387221e-05,2.0301076541514912e-07,0.002157844321587574,0.019865015231191965,0.008103500003926456,False
random,156,9.865470752994698e-05,1.837159010181781e-07,0.002157839742589108,0.019865015230796774,0.008154600043781102,False
random,157,9.865470752673218e-05,1.6625640537766009e-07,0.002157835600876897,0.019865015230473113,0.008207899983972311,False
random,158,9.865470752409925e-05,1.5045747911308102e-07,0.0021578318546853735,0.01986501523020803,0.008260500035248697,False
random,159,9.8654707521943e-05,1.3616100096641943e-07,0.0021578284662386892,0.01986501522999094,0.008312299964018166,False
random,160,9.865470752017704e-05,1.232239326746941e-07,0.002157825401369368,0.019865015229813144,0.0083652000175789,False
random,161,9.865470751873049e-05,1.11516875966736e-07,0.002157822629173684,0.019865015229667504,0.008416700060479343,False
random,162,9.865470751754631e-05,1.0092276909960932e-07,0.002157820121699562,0.019865015229548283,0.008468099986203015,False
random,163,9.865470751657622e-05,9.133570765902986e-08,0.002157817853664894,0.01986501522945061,0.00851930002681911,False
random,164,9.865470751578162e-05,8.265987900396889e-08,0.0021578158022022547,0.019865015229370616,0.008570500067435205,False
random,165,9.865470751513113e-05,7.480859852179849e-08,0.002157813946628372,0.01986501522930512,0.008621699991635978,False
random,166,9.865470751459772e-05,6.770343810106263e-08,0.0021578122682354784,0.01986501522925142,0.008673000033013523,False
random,167,9.865470751416127e-05,6.127343871232867e-08,0.0021578107501024745,0.01986501522920748,0.008723899954929948,False
random,168,9.86547075138033e-05,5.545439722308121e-08,0.002157809376924438,0.01986501522917144,0.008775199996307492,False
random,169,9.865470751351058e-05,5.018822248416331e-08,0.002157808134858273,0.01986501522914197,0.008826400036923587,False
random,170,9.865470751327065e-05,4.54223524062111e-08,0.0021578070113829526,0.01986501522911781,0.008877899963408709,False
random,171,9.865470751307427e-05,4.110922706862335e-08,0.0021578059951732724,0.019865015229098042,0.008929500007070601,False
random,172,9.865470751291331e-05,3.720581155526514e-08,0.002157805075985765,0.019865015229081837,0.008981000049971044,False
random,173,9.865470751278131e-05,3.3673165558647434e-08,0.0021578042445552577,0.019865015229068545,0.009032399975694716,False
random,174,9.86547075126732e-05,3.04760524410751e-08,0.0021578034925014574,0.01986501522905766,0.009084100020118058,False
random,175,9.865470751258469e-05,2.758258728651017e-08,0.0021578028122444448,0.019865015229048752,0.009135400061495602,False
random,176,9.865470751251237e-05,2.496391714239203e-08,0.0021578021969282757,0.01986501522904147,0.009186699986457825,False
random,177,9.865470751245308e-05,2.2593932802162844e-08,0.002157801640351698,0.0198650152290355,0.009237700025551021,False
random,178,9.865470751240467e-05,2.0449007381448045e-08,0.0021578011369058157,0.019865015229030624,0.009289100067690015,False
random,179,9.865470751236446e-05,1.850776019063619e-08,0.0021578006815174125,0.01986501522902658,0.009342200006358325,False
random,180,9.865470751233176e-05,1.6750842804635115e-08,0.0021578002695977535,0.019865015229023286,0.009393300046212971,False
random,181,9.8654707512305e-05,1.5160746076957437e-08,0.0021577998969963025,0.019865015229020594,0.0094628999941051,False
random,182,9.865470751228333e-05,1.3721624620372654e-08,0.002157799559958938,0.019865015229018408,0.009517800062894821,False
random,183,9.865470751226536e-05,1.2419139193890328e-08,0.0021577992550900634,0.0198650152290166,0.009570399997755885,False
random,184,9.865470751225055e-05,1.1240312936849289e-08,0.0021577989793184317,0.01986501522901511,0.00962470006197691,False
random,185,9.86547075122386e-05,1.0173402078075052e-08,0.00215779872986602,0.019865015229013905,0.009677099995315075,False
random,186,9.8654707512229e-05,9.207778603980581e-09,0.0021577985042200935,0.01986501522901294,0.009729300043545663,False
random,187,9.865470751222053e-05,8.333824282800484e-09,0.002157798300107926,0.019865015229012087,0.009781899978406727,False
random,188,9.865470751221394e-05,7.54283451508798e-09,0.0021577981154737844,0.019865015229011424,0.009835800039581954,False
random,189,9.865470751220883e-05,6.8269315420998265e-09,0.0021577979484582272,0.019865015229010907,0.009887899970635772,False
random,190,9.865470751220419e-05,6.178985993743356e-09,0.0021577977973794562,0.019865015229010442,0.009939600015059114,False
random,191,9.865470751220061e-05,5.592545537842457e-09,0.0021577976607161805,0.01986501522901008,0.009991400060243905,False
random,192,9.86547075121978e-05,5.061770786586784e-09,0.002157797537092386,0.019865015229009797,0.010043199989013374,False
random,193,9.86547075121952e-05,4.581376843621131e-09,0.0021577974252634424,0.019865015229009537,0.010094800032675266,False
random,194,9.865470751219343e-05,4.146580647645508e-09,0.0021577973241035946,0.019865015229009356,0.010146499960683286,False
random,195,9.86547075121916e-05,3.753053542361619e-09,0.002157797232594522,0.019865015229009172,0.010200600023381412,False
random,196,9.865470751219012e-05,3.3968775644655505e-09,0.0021577971498152287,0.019865015229009023,0.010252300067804754,False
random,197,9.865470751218909e-05,3.0745072256105787e-09,0.0021577970749325176,0.019865015229008923,0.010303999995812774,False
random,198,9.865470751218825e-05,2.782733473914306e-09,0.002157797007192809,0.019865015229008836,0.010355500038713217,False
random,199,9.865470751218742e-05,2.5186517739514414e-09,0.0021577969459144674,0.019865015229008756,0.010409099981188774,False
random,200,9.865470751218678e-05,2.2796337040761284e-09,0.002157796890480925,0.01986501522900869,0.010460700024850667,False
random,201,9.865470751218607e-05,2.063300085603828e-09,0.002157796840334466,0.019865015229008617,0.010512499953620136,False
random,202,9.865470751218597e-05,1.867497813776289e-09,0.0021577967949706393,0.019865015229008607,0.010563999996520579,False
random,203,9.865470751218586e-05,1.6902780568933145e-09,0.002157796753933087,0.019865015229008597,0.010615600040182471,False
random,204,9.86547075121852e-05,1.5298771649188794e-09,0.002157796716809062,0.01986501522900853,0.010666999965906143,False
random,205,9.86547075121851e-05,1.3846986585408338e-09,0.002157796683225157,0.019865015229008517,0.010719000012613833,False
random,206,9.865470751218502e-05,1.2532977956050162e-09,0.002157796652843673,0.019865015229008513,0.010771800065413117,False
random,207,9.865470751218483e-05,1.134367013388698e-09,0.002157796625359115,0.019865015229008492,0.010823299991898239,False
random,208,9.86547075121847e-05,1.0805448341485416e-09,0.0021577966129270746,0.01986501522900848,0.010882699978537858,False
random,209,9.86547075121847e-05,9.780082113897301e-10,0.0021577965892483814,0.01986501522900848,0.010934000019915402,False
random,210,9.865470751218456e-05,8.852021997382729e-10,0.002157796567827224,0.019865015229008465,0.010988599970005453,False
random,211,9.865470751218448e-05,8.012032432620665e-10,0.002157796548448303,0.019865015229008458,0.011040700017474592,False
random,212,9.865470751218439e-05,7.251754738601066e-10,0.0021577965309167806,0.019865015229008444,0.011092200060375035,False
random,213,9.865470751218428e-05,6.56362551808528e-10,0.0021577965150565057,0.019865015229008437,0.011143599986098707,False
random,214,9.865470751218399e-05,5.940796463064328e-10,0.002157796500708032,0.01986501522900841,0.011195300030522048,False
random,215,9.865470751218386e-05,5.931988187816866e-10,0.0021577965005052297,0.019865015229008395,0.01129140006378293,False
random,216,9.865470751218384e-05,5.931988206079987e-10,0.0021577965005052284,0.019865015229008392,0.011504000052809715,False
random,217,9.86547075121838e-05,5.931988197352039e-10,0.0021577965005052267,0.019865015229008392,0.01171820005401969,False
random,218,9.86547075121838e-05,5.931988194162405e-10,0.0021577965005052254,0.01986501522900839,0.01193310006055981,False
random,219,9.86547075121838e-05,5.931988194162405e-10,0.0021577965005052254,0.01986501522900839,0.012153199990279973,False
random,220,9.86547075121838e-05,5.931988194162405e-10,0.0021577965005052254,0.01986501522900839,0.012376400060020387,False
random,221,9.86547075121838e-05,5.931988194162405e-10,0.0021577965005052254,0.01986501522900839,0.01259649998974055,False
random,222,9.86547075121838e-05,5.931988194162405e-10,0.0021577965005052254,0.01986501522900839,0.012817200040444732,False
random,223,9.86547075121838e-05,5.931988194162405e-10,0.0021577965005052254,0.01986501522900839,0.013037599972449243,False
random,224,9.86547075121838e-05,5.931988194162405e-10,0.0021577965005052254,0.01986501522900839,0.013258000020869076,False
random,225,9.86547075121838e-05,5.931988194162405e-10,0.0021577965005052254,0.01986501522900839,0.013478599954396486,False
random,226,9.86547075121838e-05,5.931988194162405e-10,0.0021577965005052254,0.01986501522900839,0.013698599999770522,False
random,227,9.86547075121838e-05,5.931988194162405e-10,0.0021577965005052254,0.01986501522900839,0.01391980005428195,False
random,228,9.86547075121838e-05,5.931988194162405e-10,0.0021577965005052254,0.01986501522900839,0.014139899984002113,False
random,229,9.86547075121838e-05,5.931988194162405e-10,0.0021577965005052254,0.01986501522900839,0.014363600057549775,False
random,230,9.86547075121838e-05,5.931988194162405e-10,0.0021577965005052254,0.01986501522900839,0.014585099997930229,False
random,231,9.86547075121838e-05,5.931988194162405e-10,0.0021577965005052254,0.01986501522900839,0.014821200049482286,False
random,232,9.86547075121838e-05,5.931988194162405e-10,0.0021577965005052254,0.01986501522900839,0.01504269998986274,False
random,233,9.86547075121838e-05,5.931988194162405e-10,0.0021577965005052254,0.01986501522900839,0.015263300039805472,False
random,234,9.86547075121838e-05,5.931988194162405e-10,0.0021577965005052254,0.01986501522900839,0.015484799980185926,False
random,235,9.86547075121838e-05,5.931988194162405e-10,0.0021577965005052254,0.01986501522900839,0.01570810005068779,False
random,236,9.86547075121838e-05,5.931988194162405e-10,0.0021577965005052254,0.01986501522900839,0.015929799992591143,False
random,237,9.86547075121838e-05,5.931988194162405e-10,0.0021577965005052254,0.01986501522900839,0.016151500050909817,False
random,238,9.86547075121838e-05,5.931988194162405e-10,0.0021577965005052254,0.01986501522900839,0.016376900020986795,False
random,239,9.86547075121838e-05,5.931988194162405e-10,0.0021577965005052254,0.01986501522900839,0.016597799956798553,False
random,240,9.86547075121838e-05,5.931988194162405e-10,0.0021577965005052254,0.01986501522900839,0.016818800009787083,False
random,241,9.86547075121838e-05,5.931988194162405e-10,0.0021577965005052254,0.01986501522900839,0.017040600068867207,False
random,242,9.86547075121838e-05,5.931988194162405e-10,0.0021577965005052254,0.01986501522900839,0.017261600005440414,False
random,243,9.86547075121838e-05,5.931988194162405e-10,0.0021577965005052254,0.01986501522900839,0.01748180005233735,False
random,244,9.86547075121838e-05,5.931988194162405e-10,0.0021577965005052254,0.01986501522900839,0.017702899989672005,False
random,245,9.86547075121838e-05,5.931988194162405e-10,0.0021577965005052254,0.01986501522900839,0.01792440004646778,False
random,246,9.86547075121838e-05,5.931988194162405e-10,0.0021577965005052254,0.01986501522900839,0.018144099973142147,False
random,247,9.86547075121838e-05,5.931988194162405e-10,0.0021577965005052254,0.01986501522900839,0.018366900039836764,False
random,248,9.86547075121838e-05,5.931988194162405e-10,0.0021577965005052254,0.01986501522900839,0.018587599974125624,False
random,249,9.86547075121838e-05,5.931988194162405e-10,0.0021577965005052254,0.01986501522900839,0.018808500026352704,False
random,250,9.86547075121838e-05,5.931988194162405e-10,0.0021577965005052254,0.01986501522900839,0.01902949996292591,False
